,trade_number,entry_type,entry_price,entry_date,entry_time,exit_type,exit_price,exit_date,exit_time,size,pnl,pnl_percentage
0,1,BUY,93854.7,2025-01-01,12:30:00,SELL,96867.0,2025-01-02,22:30:00,0.10122029051288854,304.90588111197445,3.2095355906523624
1,2,BUY,97042.8,2025-01-03,02:45:00,SELL,96938.1,2025-01-03,03:00:00,0.10069073498905451,-10.542319953353713,-0.10789053901989337
2,3,BUY,96639.5,2025-01-03,11:45:00,SELL,96464.0,2025-01-03,14:00:00,0.10081540412655834,-17.69310342421099,-0.18160276077587323
3,4,BUY,96735.9,2025-01-03,14:15:00,SELL,98086.20000000001,2025-01-04,00:15:00,0.10034999810633198,135.50260244298184,1.3958623427290362
4,5,BUY,98204.0,2025-01-04,03:45:00,SELL,97907.7,2025-01-04,04:15:00,0.09997140625123986,-29.62152767224266,-0.30171887092175764
5,6,BUY,98087.3,2025-01-04,06:00:00,SELL,98026.1,2025-01-04,06:15:00,0.09961367313647126,-6.096356795951752,-0.06239339853375216
6,7,BUY,98197.6,2025-01-04,07:15:00,SELL,97870.0,2025-01-04,09:00:00,0.09925391078962117,-32.51558117468048,-0.3336130414592676
7,8,BUY,97945.3,2025-01-04,14:30:00,SELL,97601.29999999999,2025-01-04,15:45:00,0.09900534941822323,-34.05784019987023,-0.351216444280649
8,9,BUY,98028.9,2025-01-04,18:15:00,SELL,98125.00000000001,2025-01-05,01:45:00,0.09840324180619497,9.456551537577342,0.09803231496020089
9,10,BUY,98454.10000000002,2025-01-05,04:30:00,SELL,97907.6,2025-01-05,08:15:00,0.09788335876638554,-53.49325556583112,-0.5550809971347201
10,11,BUY,98031.3,2025-01-05,15:45:00,SELL,97666.0,2025-01-05,18:15:00,0.0976008668220481,-35.65359665009446,-0.3726360866376381
11,12,BUY,97989.6,2025-01-05,19:15:00,SELL,98077.09999999999,2025-01-06,01:30:00,0.09711146860461695,8.49725350290257,0.08929519050999846
12,13,BUY,98735.7,2025-01-06,02:00:00,SELL,99068.6,2025-01-06,09:30:00,0.09627620046127536,32.050347133559406,0.3371627486309498
13,14,BUY,99440.00000000001,2025-01-06,12:15:00,SELL,101770.0,2025-01-07,02:45:00,0.09571846992857279,223.0240349335732,2.3431214802896068
14,15,BUY,101822.00000000001,2025-01-07,07:15:00,SELL,101733.8,2025-01-07,07:30:00,0.09538056662725362,-8.41256597652488,-0.08662175168432326
15,16,BUY,101862.1,2025-01-07,09:00:00,SELL,101639.0,2025-01-07,09:45:00,0.09508348623842855,-21.213125779793963,-0.21902159880859107
16,17,BUY,94745.0,2025-01-08,22:30:00,SELL,94454.70000000001,2025-01-09,02:30:00,0.10181919353410433,-29.5581118829493,-0.30640139321334986
17,18,BUY,94195.1,2025-01-09,16:00:00,SELL,92716.7,2025-01-09,18:15:00,0.10192109929457725,-150.6801531971039,-1.5695083926871023
18,19,BUY,92661.6,2025-01-10,00:45:00,SELL,93517.3,2025-01-10,13:45:00,0.10186781194598996,87.16828668218331,0.9234677579493523
19,20,BUY,95759.2,2025-01-10,18:00:00,SELL,94460.0,2025-01-11,00:30:00,0.09924923099240368,-128.94460090533056,-1.3567364806723503
20,21,BUY,94353.8,2025-01-11,10:15:00,SELL,94345.1,2025-01-11,14:30:00,0.09923918735370202,-0.8633809299769187,-0.009220614326075993
21,22,BUY,94510.0,2025-01-11,14:45:00,SELL,94371.3,2025-01-11,16:15:00,0.09887825854019934,-13.714414459525361,-0.14675695693577093
22,23,BUY,94622.1,2025-01-11,16:45:00,SELL,94070.6,2025-01-11,17:15:00,0.09843591591798978,-54.28740762877136,-0.5828448110959279
23,24,BUY,94449.9,2025-01-11,20:45:00,SELL,94376.8,2025-01-12,01:15:00,0.09788252407384579,-7.1552125097972725,-0.07739552927000587
24,25,BUY,94550.1,2025-01-12,02:45:00,SELL,94451.3,2025-01-12,06:30:00,0.09752129525467912,-9.63510397116258,-0.10449486568496796
25,26,BUY,94396.1,2025-01-12,12:30:00,SELL,94625.0,2025-01-12,20:00:00,0.09739782723323319,22.29436265368651,0.24248883163604656
26,27,BUY,95228.7,2025-01-13,00:30:00,SELL,94272.7,2025-01-13,02:30:00,0.09658501010297142,-92.33526965844068,-1.0038990346397672
27,28,BUY,92616.5,2025-01-13,15:45:00,SELL,91322.90000000001,2025-01-13,17:00:00,0.09817513229955036,-126.99935114269748,-1.396727364994349
28,29,BUY,91998.7,2025-01-13,17:30:00,SELL,95415.2,2025-01-14,16:45:00,0.09733565643586602,332.54727021313624,3.7136394318615373
29,30,BUY,96590.0,2025-01-14,18:30:00,SELL,96816.8,2025-01-15,06:30:00,0.09579972989285865,21.72737873970062,0.23480691582979907
30,31,BUY,97061.9,2025-01-15,07:00:00,SELL,96777.09999999999,2025-01-15,10:00:00,0.09536567262965331,-27.16014356492554,-0.2934210024736822
31,32,BUY,98457.5,2025-01-15,13:45:00,SELL,99660.8,2025-01-16,03:15:00,0.09357356700207414,112.59707317359609,1.2221516898154055
32,33,BUY,99714.4,2025-01-16,07:15:00,SELL,99005.0,2025-01-16,08:45:00,0.09329009309983213,-66.17999204502037,-0.7114318493617714
33,34,BUY,99665.7,2025-01-16,16:30:00,SELL,104408.4,2025-01-17,23:15:00,0.09252824564719896,438.83371063097024,4.7586080266330315
34,35,BUY,103647.0,2025-01-18,11:45:00,SELL,104413.4,2025-01-19,09:00:00,0.09282310754248964,71.13962962056353,0.7394328827655351
35,36,BUY,105087.7,2025-01-19,11:15:00,SELL,104518.1,2025-01-19,11:45:00,0.09201924285706788,-52.41416073138506,-0.5420234718240016
36,37,BUY,105199.1,2025-01-19,13:15:00,SELL,104604.0,2025-01-19,17:15:00,0.09127420818531588,-54.31728129108201,-0.5656892501932106
37,38,BUY,105217.4,2025-01-19,18:15:00,SELL,103687.40000000001,2025-01-19,22:00:00,0.09059500620472828,-138.61035949323295,-1.4541321112287373
38,39,BUY,102449.3,2025-01-20,05:15:00,SELL,106503.7,2025-01-20,15:45:00,0.09158199928410655,371.3100578974811,3.957469694766088
39,40,BUY,102922.7,2025-01-21,04:00:00,SELL,102329.8,2025-01-21,04:45:00,0.09441140542793994,-55.97652227822504,-0.5760633951499468
40,41,BUY,102436.80000000002,2025-01-21,09:00:00,SELL,105985.5,2025-01-21,23:45:00,0.0941604892888091,334.1473283391952,3.4642823672742433
41,42,BUY,106115.40000000001,2025-01-22,00:00:00,SELL,105943.3,2025-01-22,00:15:00,0.09371279011439364,-16.12797117868769,-0.1621819264687367
42,43,BUY,105437.6,2025-01-22,12:45:00,SELL,104915.3,2025-01-22,13:15:00,0.09399013929722624,-49.091049754941544,-0.495364082642248
43,44,BUY,104600.0,2025-01-22,20:00:00,SELL,104155.9,2025-01-22,20:45:00,0.09411726836931311,-41.7974788828125,-0.4245697896749578
44,45,BUY,102265.2,2025-01-23,14:15:00,SELL,103218.8,2025-01-23,21:00:00,0.09569524636123238,91.25498693007175,0.9324775192343102
45,46,BUY,103938.0,2025-01-24,04:30:00,SELL,104974.4,2025-01-24,14:15:00,0.09480945463508188,98.2605187837983,0.997132906155587
46,47,BUY,105221.30000000002,2025-01-24,14:30:00,SELL,105164.0,2025-01-24,20:30:00,0.09436137574229926,-5.406906830035395,-0.05445665468875356
47,48,BUY,104860.0,2025-01-25,04:30:00,SELL,104609.3,2025-01-25,05:00:00,0.09445775191698909,-23.68055840558889,-0.23908067900056942
48,49,BUY,104626.90000000001,2025-01-25,12:00:00,SELL,104702.0,2025-01-26,00:00:00,0.09427361475563834,7.079948468147616,0.07177886375300355
49,50,BUY,105048.20000000001,2025-01-26,03:45:00,SELL,104821.10000000002,2025-01-26,09:30:00,0.09378099867382718,-21.297664798825334,-0.21618647439936262
50,51,BUY,104882.60000000002,2025-01-26,13:30:00,SELL,104703.20000000001,2025-01-26,21:15:00,0.09355788909133946,-16.784285302987115,-0.17104839124889037
51,52,BUY,100567.6,2025-01-27,13:00:00,SELL,99550.0,2025-01-27,17:15:00,0.09722825124362533,-98.9394684655137,-1.011856701363069
52,53,BUY,100905.2,2025-01-27,20:45:00,SELL,102633.49999999999,2025-01-28,12:30:00,0.09578856228605899,165.55137219899464,1.7127957726658174
53,54,BUY,102768.0,2025-01-28,13:30:00,SELL,102522.1,2025-01-28,13:45:00,0.09540223450483985,-23.459409464739565,-0.2392768176864337
54,55,BUY,103168.00000000001,2025-01-28,15:30:00,SELL,102233.5,2025-01-28,16:15:00,0.09463606915574752,-88.43740662604743,-0.9058041253101877
55,56,BUY,103002.3,2025-01-28,18:15:00,SELL,102161.0,2025-01-28,19:00:00,0.09379326977871115,-78.90827786482997,-0.8167778777755477
56,57,BUY,101675.0,2025-01-29,01:45:00,SELL,102189.9,2025-01-29,13:00:00,0.09410060347035003,48.45240072688268,0.5064175067617351
57,58,BUY,102551.30000000002,2025-01-29,17:45:00,SELL,101508.6,2025-01-29,19:30:00,0.09356764876630307,-97.5629873686253,-1.0167594169942376
58,59,BUY,103418.1,2025-01-29,19:45:00,SELL,104856.3,2025-01-30,12:45:00,0.09171180331227917,131.89991552371964,1.3906656571721943
59,60,BUY,105879.8,2025-01-30,15:00:00,SELL,105240.1,2025-01-30,18:00:00,0.09059158787709988,-57.95143876498053,-0.6041756784580222
60,61,BUY,105419.3,2025-01-30,19:15:00,SELL,104836.30000000002,2025-01-30,21:00:00,0.0902926400326529,-52.64060913903533,-0.5530296634487095
61,62,BUY,104630.0,2025-01-31,07:30:00,SELL,104254.8,2025-01-31,07:45:00,0.09032354058521262,-33.889392427571515,-0.3585969607187203
62,63,BUY,104700.0,2025-01-31,11:15:00,SELL,103967.0,2025-01-31,18:30:00,0.08978446298614798,-65.81201136884647,-0.7000955109837632
63,64,BUY,102631.9,2025-02-01,02:15:00,SELL,102373.50000000001,2025-02-01,03:15:00,0.0908110788364851,-23.4655827713459,-0.25177357137496204
64,65,BUY,102184.6,2025-02-01,12:45:00,SELL,101779.3,2025-02-01,15:00:00,0.09081735736051454,-36.808274938216805,-0.39663510940004937
65,66,BUY,102055.5,2025-02-01,16:30:00,SELL,101989.89999999998,2025-02-01,16:45:00,0.0904171767761143,-5.93136679651494,-0.06427875028785354
66,67,BUY,102167.9,2025-02-01,17:30:00,SELL,101841.70000000001,2025-02-01,19:15:00,0.0900910035095759,-29.387685344822085,-0.31927836433946727
67,68,BUY,101214.6,2025-02-02,02:00:00,SELL,100906.80000000002,2025-02-02,02:15:00,0.09049119275557387,-27.853189130164584,-0.30410632458162
68,69,BUY,95271.1,2025-02-03,08:00:00,SELL,94671.80000000002,2025-02-03,13:15:00,0.09567637670149282,-57.33885255720353,-0.6290470037608343
69,70,BUY,96096.8,2025-02-03,14:45:00,SELL,100611.39999999998,2025-02-04,03:30:00,0.09410788660179469,424.8594648524601,4.697971212360845
70,71,BUY,99177.8,2025-02-04,12:15:00,SELL,98853.00000000001,2025-02-04,17:30:00,0.0950765961201624,-30.88087841982764,-0.32749264452325855
71,72,BUY,99933.0,2025-02-04,19:15:00,SELL,98227.4,2025-02-04,20:30:00,0.09388545047152544,-160.13102432423435,-1.706743518157171
72,73,BUY,98055.29999999999,2025-02-05,01:45:00,SELL,97808.99999999999,2025-02-05,02:00:00,0.09395182996831722,-23.140335721196806,-0.2511847906232534
73,74,BUY,98048.1,2025-02-05,04:15:00,SELL,97880.9,2025-02-05,04:30:00,0.09355612643217216,-15.642584339460274,-0.17052854670310963
74,75,BUY,98217.0,2025-02-05,04:45:00,SELL,97757.29999999999,2025-02-05,05:45:00,0.09306673438614771,-42.78277779731319,-0.4680452467495562
75,76,BUY,98107.1,2025-02-05,06:00:00,SELL,97866.29999999999,2025-02-05,06:30:00,0.0925800044227686,-22.293265065004295,-0.24544604824729038
76,77,BUY,98066.9,2025-02-05,11:15:00,SELL,97657.20000000001,2025-02-05,16:15:00,0.09222623630161088,-37.78508901276837,-0.41777602840508116
77,78,BUY,97351.8,2025-02-06,02:15:00,SELL,98249.6,2025-02-06,14:30:00,0.09235881520385465,82.91974429002097,0.9222222907023834
78,79,BUY,96759.9,2025-02-07,01:45:00,SELL,96720.7,2025-02-07,06:45:00,0.09356053928496963,-3.6675731399705374,-0.04051265038512554
79,80,BUY,97233.50000000001,2025-02-07,09:30:00,SELL,97955.89999999998,2025-02-07,17:15:00,0.09289222827612158,67.10534570666698,0.7429538173571506
80,81,BUY,96591.0,2025-02-08,01:45:00,SELL,96410.9,2025-02-08,02:15:00,0.09399179703158364,-16.92792264538876,-0.1864562950999636
81,82,BUY,96676.6,2025-02-08,02:30:00,SELL,96259.30000000002,2025-02-08,04:45:00,0.09356387353034692,-39.04420442421268,-0.4316452998967572
82,83,BUY,96363.0,2025-02-08,13:45:00,SELL,96062.30000000002,2025-02-08,15:00:00,0.09330538289969112,-28.05692863793549,-0.31204923051376826
83,84,BUY,96140.6,2025-02-08,17:30:00,SELL,96780.9,2025-02-09,10:15:00,0.09306657076777995,59.590525262608416,0.6660037486764055
84,85,BUY,96277.0,2025-02-09,21:00:00,SELL,96200.0,2025-02-09,21:15:00,0.09334565310409156,-7.18761528901505,-0.0799775647350873
85,86,BUY,96423.6,2025-02-10,00:00:00,SELL,95544.00000000001,2025-02-10,02:00:00,0.09295590148749028,-81.76401094839564,-0.9122248080345384
86,87,BUY,96951.8,2025-02-10,03:45:00,SELL,97450.19999999998,2025-02-10,15:15:00,0.09147343893583741,45.5903619656195,0.5140698780218415
87,88,BUY,97573.7,2025-02-10,19:15:00,SELL,97216.79999999999,2025-02-10,21:15:00,0.09116106897942537,-32.535385518757714,-0.36577479382252465
88,89,BUY,97391.5,2025-02-10,22:45:00,SELL,97259.89999999998,2025-02-10,23:15:00,0.0908411293741769,-11.954692625643531,-0.13512472854409302
89,90,BUY,97682.60000000002,2025-02-11,00:15:00,SELL,97868.3,2025-02-11,10:30:00,0.09028227838242305,16.765419095614384,0.19010550497220846
90,91,BUY,96188.3,2025-02-11,22:30:00,SELL,95789.7,2025-02-11,22:45:00,0.09167585451551047,-36.54199560988301,-0.4143955137995014
91,92,BUY,95887.09999999999,2025-02-12,00:45:00,SELL,95342.7,2025-02-12,03:15:00,0.09142741793286348,-49.77308632265034,-0.5677510322034917
92,93,BUY,95879.1,2025-02-12,06:15:00,SELL,94462.30000000002,2025-02-12,13:45:00,0.09076883584832988,-128.60128662991272,-1.4776943045981745
93,94,BUY,96944.3,2025-02-12,17:00:00,SELL,97463.4,2025-02-13,04:00:00,0.08834187029125434,45.85826486818936,0.5354621158747768
94,95,BUY,96232.2,2025-02-13,19:15:00,SELL,95664.1,2025-02-13,19:45:00,0.08927865700887393,-50.7192050467405,-0.5903429413439486
95,96,BUY,96099.4,2025-02-13,20:30:00,SELL,96632.70000000001,2025-02-14,12:15:00,0.08873137218681004,47.32044078722735,0.5549462327548533
96,97,BUY,97249.9,2025-02-14,15:00:00,SELL,96376.50000000001,2025-02-14,15:30:00,0.0879768486400955,-76.83897960225762,-0.898098609870015
97,98,BUY,97626.8,2025-02-14,17:00:00,SELL,96833.0,2025-02-14,21:15:00,0.08672372538566281,-68.84129321113939,-0.8130964038563211
98,99,BUY,97632.79999999999,2025-02-15,01:30:00,SELL,97466.70000000001,2025-02-15,05:15:00,0.08588436378056355,-14.265392823949606,-0.17012725231682052
99,100,BUY,97517.9,2025-02-15,10:45:00,SELL,97450.1,2025-02-15,16:45:00,0.08568335261960654,-5.809331307608326,-0.06952569733350325
100,101,BUY,97563.2,2025-02-15,20:15:00,SELL,97398.7,2025-02-15,20:45:00,0.08542442314025883,-14.052317606572577,-0.16860865572264952
101,102,BUY,97606.0,2025-02-15,21:15:00,SELL,97392.10000000002,2025-02-15,22:45:00,0.08508818212363924,-18.2003621562447,-0.2191463639530148
102,103,BUY,97579.90000000001,2025-02-16,00:15:00,SELL,97474.7,2025-02-16,03:00:00,0.08477204160011324,-8.9180187763329,-0.10780908773221906
103,104,BUY,97555.1,2025-02-16,06:30:00,SELL,97480.50000000001,2025-02-16,06:45:00,0.08454581342922425,-6.307117681819391,-0.07646960538197517
104,105,BUY,97006.7,2025-02-16,20:30:00,SELL,96900.80000000002,2025-02-16,20:45:00,0.08480051945478419,-8.980375010259918,-0.10916771728136265
105,106,BUY,97126.5,2025-02-16,21:45:00,SELL,96749.9,2025-02-16,22:45:00,0.0844472508578482,-31.802834673066123,-0.3877417594580324
106,107,BUY,96339.9,2025-02-17,10:15:00,SELL,96028.7,2025-02-17,10:45:00,0.08466169785279488,-26.346720371789523,-0.323022963486569
107,108,BUY,96270.0,2025-02-17,12:45:00,SELL,95605.5,2025-02-17,16:00:00,0.08430237613693334,-56.018928942992204,-0.6902461826114055
108,109,BUY,96032.3,2025-02-17,21:15:00,SELL,95559.9,2025-02-18,00:30:00,0.08379694556831925,-39.585677086474746,-0.4919178234823166
109,110,BUY,96070.1,2025-02-18,01:45:00,SELL,95715.2,2025-02-18,05:45:00,0.08321376706770758,-29.532565932330147,-0.36941774808187844
110,111,BUY,95835.2,2025-02-18,10:45:00,SELL,95346.3,2025-02-18,15:30:00,0.08296677804729903,-40.562457787324014,-0.5101465849708606
111,112,BUY,94879.9,2025-02-18,21:45:00,SELL,95082.3,2025-02-19,05:30:00,0.0832371746302132,16.847204145155878,0.21332231589621062
112,113,BUY,95577.4,2025-02-19,07:00:00,SELL,95733.1,2025-02-19,15:15:00,0.08264002084343423,12.867051245323673,0.16290461971136655
113,114,BUY,96274.3,2025-02-19,16:30:00,SELL,95862.0,2025-02-19,18:45:00,0.08201269099908304,-33.813832498922174,-0.4282555157503123
114,115,BUY,96354.1,2025-02-19,20:15:00,SELL,96827.8,2025-02-20,08:15:00,0.08145619012388293,38.585797261683105,0.491624123934526
115,116,BUY,96935.0,2025-02-20,08:30:00,SELL,97057.1,2025-02-20,15:30:00,0.08119181990939367,9.91352121093744,0.12596069531129708
116,117,BUY,97652.1,2025-02-20,16:30:00,SELL,98065.0,2025-02-21,03:00:00,0.0805388100235813,33.25447465873625,0.42282756848034414
117,118,BUY,98226.2,2025-02-21,05:15:00,SELL,98129.3,2025-02-21,08:30:00,0.08023742217080859,-7.775006208350885,-0.0986498510580621
118,119,BUY,98310.0,2025-02-21,09:30:00,SELL,98166.6,2025-02-21,09:45:00,0.07994091688606461,-11.4635274814612,-0.14586512053707068
119,120,BUY,98285.1,2025-02-21,10:00:00,SELL,97552.5,2025-02-21,15:45:00,0.07969911998064826,-58.387575297823375,-0.7453825656177852
120,121,BUY,96302.2,2025-02-22,01:30:00,SELL,96216.9,2025-02-22,08:30:00,0.08061028793141704,-6.876057560550108,-0.08857533888115007
121,122,BUY,96442.5,2025-02-22,10:00:00,SELL,96415.9,2025-02-22,19:15:00,0.0802723355308469,-2.1352441251209946,-0.02758120123390188
122,123,BUY,96620.1,2025-02-22,22:00:00,SELL,96503.3,2025-02-23,00:00:00,0.07995165737008536,-9.338353580826203,-0.12088581982424249
123,124,BUY,96454.6,2025-02-23,08:00:00,SELL,96291.9,2025-02-23,08:30:00,0.07984478900176871,-12.9907471705887,-0.1686803947142092
124,125,BUY,95787.1,2025-02-23,19:30:00,SELL,95636.1,2025-02-23,22:15:00,0.08011972031720115,-12.098077767897372,-0.15764126902265543
125,126,BUY,95779.0,2025-02-23,22:45:00,SELL,95696.0,2025-02-24,03:15:00,0.07985437886731292,-6.627913445986972,-0.0866578268722789
126,127,BUY,95737.4,2025-02-24,07:15:00,SELL,95396.6,2025-02-24,08:30:00,0.07967150201775415,-27.152047887649687,-0.35597373649168285
127,128,BUY,95983.5,2025-02-24,09:30:00,SELL,95500.4,2025-02-24,10:45:00,0.07904785137766536,-38.188017000550595,-0.5033156740481498
128,129,BUY,95774.9,2025-02-24,12:00:00,SELL,95351.0,2025-02-24,14:15:00,0.07869117194953813,-33.357187789408755,-0.44260030550801327
129,130,BUY,88644.3,2025-02-25,20:30:00,SELL,88319.1,2025-02-26,08:15:00,0.0845023763719136,-27.480172796146057,-0.36685945966068556
130,131,BUY,89122.5,2025-02-26,09:45:00,SELL,88397.1,2025-02-26,12:15:00,0.08359664171482141,-60.641003899930965,-0.8139358747790896
131,132,BUY,84865.0,2025-02-27,01:45:00,SELL,84245.0,2025-02-27,03:00:00,0.08694555714659288,-53.90624543088759,-0.7305720850762977
132,133,BUY,84924.6,2025-02-27,03:45:00,SELL,85544.7,2025-02-27,14:45:00,0.08611704475588527,53.40117945312371,0.7301771218233483
133,134,BUY,84557.2,2025-02-27,23:30:00,SELL,83147.2,2025-02-28,01:30:00,0.08692625113929267,-122.56601410640266,-1.6675102770668848
134,135,BUY,80254.9,2025-02-28,11:15:00,SELL,84795.4,2025-03-01,07:45:00,0.08996277698162143,408.4759888850521,5.657598476853127
135,136,BUY,85405.5,2025-03-01,09:30:00,SELL,84848.5,2025-03-01,11:00:00,0.08891623445976835,-49.52634259409097,-0.652182821949406
136,137,BUY,85016.1,2025-03-01,16:30:00,SELL,85720.7,2025-03-02,04:15:00,0.08860049382226363,62.42790794716618,0.8287841949936438
137,138,BUY,85957.1,2025-03-02,06:15:00,SELL,85803.1,2025-03-02,08:45:00,0.08815321996108301,-13.575595874006783,-0.17915913868662392
138,139,BUY,86040.0,2025-03-02,11:30:00,SELL,85773.9,2025-03-02,12:30:00,0.0877512112236259,-23.350597306607366,-0.3092747559274824
139,140,BUY,88031.4,2025-03-02,15:45:00,SELL,92927.4,2025-03-03,01:45:00,0.08535155509763638,417.88121375802774,5.561651865129943
140,141,BUY,92679.1,2025-03-03,11:30:00,SELL,89239.9,2025-03-03,15:00:00,0.08519645940943558,-293.00766320093186,-3.7108690093020016
141,142,BUY,83991.4,2025-03-04,11:30:00,SELL,83607.6,2025-03-04,12:15:00,0.09051927860852345,-34.74129912995024,-0.4569515450391211
142,143,BUY,84685.6,2025-03-04,17:30:00,SELL,86978.7,2025-03-05,04:30:00,0.08921755627028959,204.58477828340028,2.707780307395816
143,144,BUY,87448.1,2025-03-05,07:00:00,SELL,88612.1,2025-03-05,15:15:00,0.08845439113607183,102.96091128238761,1.3310752320519255
144,145,BUY,89700.0,2025-03-05,17:45:00,SELL,91497.6,2025-03-06,08:30:00,0.08716015779095539,156.67909964502192,2.004013377926428
145,146,BUY,89872.6,2025-03-06,22:00:00,SELL,86995.0,2025-03-07,00:30:00,0.08852889378845635,-254.75074476566252,-3.2018657521869907
146,147,BUY,88045.1,2025-03-07,06:15:00,SELL,88650.0,2025-03-07,16:15:00,0.08740088393213771,52.86879469054959,0.6870342585788354
147,148,BUY,86587.7,2025-03-08,06:30:00,SELL,86012.1,2025-03-08,08:15:00,0.08928238202415276,-51.390939093101544,-0.6647595443694557
148,149,BUY,86317.5,2025-03-08,13:30:00,SELL,86061.4,2025-03-08,16:45:00,0.08882686492961606,-22.74856010847519,-0.2966953398789421
149,150,BUY,86190.5,2025-03-08,20:00:00,SELL,85986.2,2025-03-08,22:30:00,0.08853814069263925,-18.088342143506456,-0.23703308369252168
150,151,BUY,86295.7,2025-03-08,23:00:00,SELL,86107.2,2025-03-09,02:15:00,0.08806326034423995,-16.59992457488923,-0.2184349857524767
151,152,BUY,82102.1,2025-03-10,02:30:00,SELL,81429.2,2025-03-10,08:45:00,0.09219370446455409,-62.037143734199255,-0.8195892675096115
152,153,BUY,83185.2,2025-03-10,09:30:00,SELL,80131.3,2025-03-10,14:15:00,0.09011242982685128,-275.1943494482206,-3.6712059356712423
153,154,BUY,79528.0,2025-03-10,22:00:00,SELL,79175.8,2025-03-10,22:45:00,0.0907933541970908,-31.977419348215115,-0.44286289105723403
154,155,BUY,79460.3,2025-03-10,23:00:00,SELL,79200.2,2025-03-10,23:45:00,0.09031612687588517,-23.491224600418256,-0.327333272086823
155,156,BUY,79109.2,2025-03-11,02:45:00,SELL,80629.6,2025-03-11,14:15:00,0.09026289960661567,137.23571256189925,1.921900360514338
156,157,BUY,81586.3,2025-03-11,16:45:00,SELL,82392.6,2025-03-12,03:00:00,0.08895224100216736,71.7221919200478,0.988278669335419
157,158,BUY,82477.4,2025-03-12,08:30:00,SELL,81658.4,2025-03-12,14:45:00,0.08864940240020666,-72.60386056576925,-0.99299929435215
158,159,BUY,82660.4,2025-03-12,18:45:00,SELL,83279.6,2025-03-13,04:45:00,0.08745128320423476,54.149834560063184,0.7490890438468863
159,160,BUY,83263.6,2025-03-13,10:30:00,SELL,83051.0,2025-03-13,10:45:00,0.0872702093186682,-18.55364650114937,-0.2553336632093806
160,161,BUY,81102.2,2025-03-13,22:45:00,SELL,83935.5,2025-03-14,21:15:00,0.0892085334447082,252.754537808892,3.4934933947537834
161,162,BUY,84328.3,2025-03-14,22:45:00,SELL,83954.5,2025-03-14,23:45:00,0.08847727954390362,-33.07280709351143,-0.44326756260947137
162,163,BUY,84415.0,2025-03-15,01:15:00,SELL,84183.2,2025-03-15,06:15:00,0.08784675128152765,-20.362876947058364,-0.27459574720133023
163,164,BUY,84106.4,2025-03-15,12:15:00,SELL,84185.9,2025-03-15,19:30:00,0.08777178089177082,6.97785658089578,0.09452312784758354
164,165,BUY,84353.6,2025-03-15,20:15:00,SELL,84230.3,2025-03-16,00:30:00,0.08742668936881466,-10.779710799175103,-0.14617040647939497
165,166,BUY,84317.2,2025-03-16,04:15:00,SELL,84008.9,2025-03-16,07:15:00,0.08717670953367894,-26.876579549233472,-0.3656430716390048
166,167,BUY,84313.3,2025-03-16,07:45:00,SELL,84149.9,2025-03-16,08:30:00,0.08671277692257574,-14.168867749149634,-0.19380097801889942
167,168,BUY,84115.6,2025-03-16,16:15:00,SELL,83113.7,2025-03-16,19:45:00,0.08659167984458298,-86.75620403628844,-1.191098916253357
168,169,BUY,83135.7,2025-03-17,01:45:00,SELL,82868.6,2025-03-17,06:30:00,0.08645547073753644,-23.09225623399523,-0.3212819522780121
169,170,BUY,83340.2,2025-03-17,07:30:00,SELL,83156.6,2025-03-17,12:30:00,0.08581649737181345,-15.755908917464199,-0.2203018471277862
170,171,BUY,83499.1,2025-03-17,16:00:00,SELL,83800.1,2025-03-17,23:30:00,0.08531146693020493,25.678751545991684,0.36048292736089366
171,172,BUY,84062.6,2025-03-17,23:45:00,SELL,83963.0,2025-03-18,00:00:00,0.08486849758232311,-8.452902359199875,-0.11848313042899675
172,173,BUY,83247.5,2025-03-18,09:00:00,SELL,82813.0,2025-03-18,10:00:00,0.0854402749462061,-37.12379946412655,-0.5219375957235953
173,174,BUY,82273.5,2025-03-18,20:00:00,SELL,85860.0,2025-03-20,03:30:00,0.08585927277865091,307.9342818206315,4.359240824809932
174,175,BUY,86013.5,2025-03-20,08:45:00,SELL,85508.9,2025-03-20,10:15:00,0.08536740505825723,-43.07639259239709,-0.5866520953106266
175,176,BUY,86299.9,2025-03-20,14:30:00,SELL,84642.0,2025-03-20,16:00:00,0.0844488227410303,-140.00770322235365,-1.9210914497003986
176,177,BUY,84468.8,2025-03-21,01:00:00,SELL,84199.9,2025-03-21,06:15:00,0.08454250077550403,-22.73347845853377,-0.3183423938779866
177,178,BUY,83976.8,2025-03-21,18:00:00,SELL,84024.2,2025-03-22,02:00:00,0.08461932456291217,4.010955984281544,0.05644416076820524
178,179,BUY,84135.8,2025-03-22,02:30:00,SELL,84199.3,2025-03-22,08:45:00,0.08434428166106933,5.3558618854779025,0.07547322305130515
179,180,BUY,84295.5,2025-03-22,09:30:00,SELL,84190.8,2025-03-22,12:00:00,0.0840848379556771,-8.803682533959147,-0.12420591846539505
180,181,BUY,84201.8,2025-03-22,18:00:00,SELL,83895.9,2025-03-22,21:00:00,0.08391914145457854,-25.67086537095631,-0.3632938963300175
181,182,BUY,84023.3,2025-03-23,02:00:00,SELL,87850.0,2025-03-24,21:15:00,0.08364778012378081,320.0949601996718,4.554331953160608
182,183,BUY,87059.9,2025-03-25,09:45:00,SELL,87672.5,2025-03-25,22:15:00,0.08406600496300226,51.49883464033567,0.7036534615822048
183,184,BUY,87750.1,2025-03-26,01:45:00,SELL,87501.9,2025-03-26,02:15:00,0.08380348356606242,-20.800024621097666,-0.2828486805143375
184,185,BUY,87530.0,2025-03-26,06:30:00,SELL,87651.8,2025-03-26,12:45:00,0.08362886901574557,10.185996246118053,0.13915229064321136
185,186,BUY,87242.6,2025-03-26,20:45:00,SELL,86640.1,2025-03-26,23:30:00,0.08385584818945202,-50.523148534144845,-0.6906029852388627
186,187,BUY,87088.8,2025-03-27,00:30:00,SELL,87260.2,2025-03-27,07:45:00,0.08329375537286512,14.276549670908597,0.19681061169747907
187,188,BUY,87443.2,2025-03-27,08:45:00,SELL,87146.4,2025-03-27,11:00:00,0.0829535041180562,-24.620600022239323,-0.33942033228427476
188,189,BUY,87222.1,2025-03-27,15:30:00,SELL,86821.5,2025-03-27,17:30:00,0.08273787954116496,-33.144794544191164,-0.45928726779108253
189,190,BUY,87080.0,2025-03-27,18:15:00,SELL,87029.0,2025-03-28,00:15:00,0.08235420360380498,-4.200064383794054,-0.05856683509416628
190,191,BUY,87465.2,2025-03-28,01:45:00,SELL,87049.9,2025-03-28,02:45:00,0.08179006201340693,-33.96741275416814,-0.4748174130968693
191,192,BUY,84200.9,2025-03-28,22:30:00,SELL,83822.0,2025-03-29,03:00:00,0.08441661438814348,-31.98545519166707,-0.44999519007515854
192,193,BUY,82614.3,2025-03-29,20:30:00,SELL,82315.9,2025-03-29,22:45:00,0.08550691450309138,-25.515263287723215,-0.3611965482973392
193,194,BUY,82604.8,2025-03-30,00:00:00,SELL,83017.8,2025-03-30,11:45:00,0.08506132700095753,35.13032805139546,0.4999709459982955
194,195,BUY,82120.0,2025-03-31,05:45:00,SELL,81548.7,2025-03-31,09:15:00,0.08580681363777813,-49.0214326312629,-0.6956892352654687
195,196,BUY,82081.5,2025-03-31,11:15:00,SELL,82426.7,2025-03-31,20:00:00,0.08511725530726043,29.38247653206605,0.4205576165152892
196,197,BUY,82813.4,2025-04-01,02:15:00,SELL,83638.8,2025-04-01,13:30:00,0.08454132387205776,69.78040872399721,0.9966986019170917
197,198,BUY,84865.7,2025-04-01,15:15:00,SELL,84857.6,2025-04-02,01:15:00,0.08312037798208606,-0.6732750616541714,-0.009544492062153813
198,199,BUY,84621.3,2025-04-02,09:00:00,SELL,85623.2,2025-04-02,21:00:00,0.08319460550520494,83.35267525566434,1.18398086533768
199,200,BUY,83637.1,2025-04-03,08:45:00,SELL,83330.1,2025-04-03,10:45:00,0.08495938959595006,-26.08253260595667,-0.3670619856499089
200,201,BUY,82324.1,2025-04-03,21:00:00,SELL,82729.9,2025-04-04,04:45:00,0.08584984097869176,34.83786546915212,0.4929297739058044
201,202,BUY,83049.9,2025-04-04,05:30:00,SELL,82534.5,2025-04-04,11:00:00,0.0853359907626543,-43.98216963907153,-0.620590753270015
202,203,BUY,83402.2,2025-04-04,16:15:00,SELL,83719.1,2025-04-05,00:15:00,0.08431358698805123,26.718975716514173,0.37996599610083276
203,204,BUY,84152.0,2025-04-05,01:30:00,SELL,83725.9,2025-04-05,03:30:00,0.08370491022404322,-35.66666224646531,-0.5063456602338695
204,205,BUY,83804.2,2025-04-05,10:00:00,SELL,83460.0,2025-04-05,11:45:00,0.0834885880762544,-28.73677201584652,-0.4107192718264682
205,206,BUY,83016.0,2025-04-05,19:15:00,SELL,83068.0,2025-04-06,07:00:00,0.08379281955631118,4.357226616928181,0.06263852751276862
206,207,BUY,77196.8,2025-04-07,10:30:00,SELL,79454.5,2025-04-08,06:15:00,0.0899914877298,203.1737818475692,2.924603092356156
207,208,BUY,79949.7,2025-04-08,12:00:00,SELL,78440.4,2025-04-08,15:00:00,0.08913951588774316,-134.538271329371,-1.887811961770967
208,209,BUY,76593.9,2025-04-09,05:30:00,SELL,76528.9,2025-04-09,11:30:00,0.09120128939436031,-5.92808381063342,-0.08486315489875826
209,210,BUY,77648.8,2025-04-09,14:00:00,SELL,81700.9,2025-04-10,03:15:00,0.08971877083789785,363.5494313122451,5.218496615530428
210,211,BUY,80405.8,2025-04-11,02:00:00,SELL,83180.7,2025-04-11,23:30:00,0.09076877476065659,251.87427308334543,3.451119197868803
211,212,BUY,83340.7,2025-04-12,05:45:00,SELL,83293.2,2025-04-12,10:45:00,0.09027425336112237,-4.288027034653313,-0.05699496164539056
212,213,BUY,83560.0,2025-04-12,11:30:00,SELL,84791.6,2025-04-13,02:30:00,0.08981766646499789,110.61943801829193,1.4739109621828697
213,214,BUY,85465.9,2025-04-13,03:45:00,SELL,85095.3,2025-04-13,04:15:00,0.08887623814088427,-32.93753385501093,-0.43362323452978474
214,215,BUY,84685.4,2025-04-13,17:30:00,SELL,83490.1,2025-04-13,19:45:00,0.08915623966730282,-106.56845327432603,-1.411459354268845
215,216,BUY,84740.0,2025-04-14,00:30:00,SELL,84258.5,2025-04-14,07:15:00,0.08773535798949968,-42.244574871944096,-0.5682086381873968
216,217,BUY,84573.8,2025-04-14,08:30:00,SELL,84404.3,2025-04-14,10:00:00,0.08726669666097138,-14.791705084034648,-0.2004166775053267
217,218,BUY,84755.7,2025-04-14,10:45:00,SELL,84474.7,2025-04-14,14:15:00,0.08674842995031838,-24.376308816039465,-0.3315411234878598
218,219,BUY,85045.7,2025-04-14,14:30:00,SELL,84205.7,2025-04-14,15:45:00,0.08601634136752466,-72.25372674872071,-0.9877042578284381
219,220,BUY,84894.6,2025-04-14,18:15:00,SELL,84666.3,2025-04-14,22:00:00,0.08519798026893868,-19.45069889539895,-0.2689216981998889
220,221,BUY,84876.2,2025-04-15,01:00:00,SELL,85549.3,2025-04-15,12:00:00,0.08483704923037153,57.103817836963565,0.7930373885730109
221,222,BUY,85651.8,2025-04-15,12:15:00,SELL,85454.6,2025-04-15,12:30:00,0.08454172654809812,-16.671628475284702,-0.23023450762272024
222,223,BUY,85783.1,2025-04-15,13:00:00,SELL,84910.1,2025-04-15,14:30:00,0.08406759737195398,-73.39101250571582,-1.0176829701887669
223,224,BUY,83700.0,2025-04-16,09:00:00,SELL,83699.9,2025-04-16,18:45:00,0.08516408468094339,-0.008516408468590059,-0.00011947431302965445
224,225,BUY,84412.9,2025-04-16,21:15:00,SELL,84194.3,2025-04-16,23:30:00,0.08428429864312315,-18.424547683385985,-0.2589651581689425
225,226,BUY,84364.3,2025-04-17,05:45:00,SELL,84193.4,2025-04-17,10:15:00,0.08396525463477725,-14.349662017084166,-0.20257383751184888
226,227,BUY,84633.3,2025-04-17,11:45:00,SELL,84132.1,2025-04-17,14:15:00,0.08337843865213117,-41.7892734524479,-0.5922018874367383
227,228,BUY,84568.8,2025-04-17,16:15:00,SELL,84765.2,2025-04-18,00:45:00,0.08281452233476898,16.264772186548146,0.23223694790513072
228,229,BUY,85100.0,2025-04-18,01:30:00,SELL,84790.6,2025-04-18,02:15:00,0.08232261059216271,-25.470615717214663,-0.3635722679200872
229,230,BUY,84923.9,2025-04-18,02:30:00,SELL,84854.2,2025-04-18,03:00:00,0.08205184082991825,-5.7190133058450625,-0.08207347990376924
230,231,BUY,84581.7,2025-04-18,18:30:00,SELL,84436.6,2025-04-18,20:45:00,0.08216330020528932,-11.921894859786763,-0.17155011072133958
231,232,BUY,84622.8,2025-04-18,21:45:00,SELL,84441.4,2025-04-18,22:30:00,0.08183355840589025,-14.844607494829207,-0.21436303218518973
232,233,BUY,84625.9,2025-04-19,02:15:00,SELL,85079.9,2025-04-19,16:30:00,0.0815085092089794,37.00486318087665,0.5364787848637356
233,234,BUY,85277.1,2025-04-19,21:15:00,SELL,85076.7,2025-04-19,23:30:00,0.08114442202372166,-16.261342173554528,-0.23499861041241873
234,235,BUY,85217.0,2025-04-20,01:30:00,SELL,85085.0,2025-04-20,03:45:00,0.08086617111894949,-10.674334587701333,-0.15489867045307862
235,236,BUY,84584.5,2025-04-20,15:00:00,SELL,84304.6,2025-04-20,16:00:00,0.0811962082843094,-22.72681869877773,-0.33091169185843056
236,237,BUY,84498.3,2025-04-20,16:30:00,SELL,87120.2,2025-04-21,11:15:00,0.08086944736956407,212.03160405825957,3.1029026619470383
237,238,BUY,87637.1,2025-04-21,14:15:00,SELL,86807.9,2025-04-21,17:15:00,0.08012104565226666,-66.43637105486044,-0.9461746223916715
238,239,BUY,87466.0,2025-04-22,00:00:00,SELL,93564.6,2025-04-23,11:30:00,0.07940438178734335,484.25556276829263,6.972537900441321
239,240,BUY,93927.9,2025-04-23,13:15:00,SELL,92992.3,2025-04-23,14:00:00,0.07869408929943009,-73.6261899485461,-0.9960831659176788
240,241,BUY,93806.1,2025-04-23,17:15:00,SELL,92948.7,2025-04-23,19:30:00,0.07790166770275798,-66.79288988834537,-0.9140130545881437
241,242,BUY,93588.0,2025-04-23,20:15:00,SELL,93225.2,2025-04-23,22:15:00,0.07725752554221521,-28.029030266715903,-0.3876565371628872
242,243,BUY,93673.1,2025-04-23,22:45:00,SELL,93267.3,2025-04-24,00:30:00,0.0767567883210676,-31.147904700689455,-0.43320867997322915
243,244,BUY,92575.2,2025-04-24,12:00:00,SELL,93197.9,2025-04-25,02:45:00,0.0772002042175253,48.07256716625278,0.6726423491388591
244,245,BUY,93491.0,2025-04-25,07:00:00,SELL,94647.7,2025-04-25,21:30:00,0.07678673463482061,88.81921595209677,1.2372313912569093
245,246,BUY,94963.5,2025-04-26,01:30:00,SELL,94685.0,2025-04-26,04:00:00,0.07634001438042168,-21.26069400494744,-0.29327057237780835
246,247,BUY,94325.0,2025-04-26,16:00:00,SELL,94100.0,2025-04-26,16:45:00,0.07649682921340163,-17.211786573015367,-0.23853697323085077
247,248,BUY,94252.3,2025-04-26,17:00:00,SELL,94107.5,2025-04-26,19:00:00,0.07623698705833949,-11.03911572604778,-0.15363020318867857
248,249,BUY,94311.7,2025-04-26,22:00:00,SELL,94287.8,2025-04-27,02:30:00,0.07593328768279327,-1.8148055756183172,-0.025341500577334707
249,250,BUY,94188.4,2025-04-27,09:45:00,SELL,93980.9,2025-04-27,10:30:00,0.07586986145047452,-15.742996250973462,-0.22030313711667257
250,251,BUY,94010.0,2025-04-27,17:30:00,SELL,93766.2,2025-04-27,22:30:00,0.07571040188255547,-18.458195978967243,-0.2593341133921954
251,252,BUY,93800.0,2025-04-28,04:00:00,SELL,93915.4,2025-04-28,14:00:00,0.07554913581839137,8.718370273441925,0.1230277185501004
252,253,BUY,94624.4,2025-04-28,19:30:00,SELL,94400.0,2025-04-29,03:15:00,0.0748360747416254,-16.793215172020304,-0.23714813515329472
253,254,BUY,94838.7,2025-04-29,07:30:00,SELL,94775.8,2025-04-29,13:45:00,0.07435705589117189,-4.677058815554279,-0.06632313601936149
254,255,BUY,95110.2,2025-04-29,14:45:00,SELL,94790.6,2025-04-29,16:00:00,0.0739571744964279,-23.63671296905771,-0.3360312563741757
255,256,BUY,94903.0,2025-04-29,16:15:00,SELL,94875.5,2025-04-29,20:45:00,0.07374152402294419,-2.027891910630965,-0.028976955417636955
256,257,BUY,94664.3,2025-04-30,02:45:00,SELL,94523.1,2025-04-30,07:45:00,0.07376659580069805,-10.41584332705835,-0.14915865854392532
257,258,BUY,94952.2,2025-04-30,09:45:00,SELL,94499.0,2025-04-30,13:00:00,0.07329901622975168,-33.21911415532325,-0.47729278521192464
258,259,BUY,94596.7,2025-04-30,20:15:00,SELL,94121.0,2025-04-30,23:45:00,0.07310141318787025,-34.77434225346967,-0.502871664656375
259,260,BUY,94485.5,2025-05-01,01:15:00,SELL,96452.2,2025-05-01,19:45:00,0.0726991801268358,142.97747755544773,2.081483402215152
260,261,BUY,96760.6,2025-05-02,00:45:00,SELL,96650.0,2025-05-02,06:00:00,0.07225722864777519,-7.991649488444357,-0.1143027223890776
261,262,BUY,96845.1,2025-05-02,10:45:00,SELL,96837.5,2025-05-02,19:45:00,0.07197877237728093,-0.547038670067754,-0.007847583408975591
262,263,BUY,96288.0,2025-05-03,14:00:00,SELL,95985.6,2025-05-03,17:15:00,0.07225235712928153,-21.849112795894314,-0.3140578265204327
263,264,BUY,96312.0,2025-05-03,20:00:00,SELL,96128.8,2025-05-03,23:00:00,0.07188173302495433,-13.168733490171425,-0.19021513414735142
264,265,BUY,95994.5,2025-05-04,06:15:00,SELL,95790.1,2025-05-04,07:45:00,0.07185226075437098,-14.686602098193012,-0.2129288657162589
265,266,BUY,95610.1,2025-05-04,15:15:00,SELL,95411.7,2025-05-04,15:45:00,0.0718582913704588,-14.256685007899652,-0.20750945768282714
266,267,BUY,95558.2,2025-05-04,19:45:00,SELL,95167.7,2025-05-04,22:30:00,0.0716191221459468,-27.96726719799223,-0.40865148150551184
267,268,BUY,94697.8,2025-05-05,06:00:00,SELL,94315.2,2025-05-05,10:30:00,0.07185254139561012,-27.49078233796085,-0.4040220575346057
268,269,BUY,94322.8,2025-05-05,17:30:00,SELL,94011.3,2025-05-05,20:45:00,0.07172423421642612,-22.342098958416738,-0.3302488899820616
269,270,BUY,94548.9,2025-05-05,21:15:00,SELL,94254.8,2025-05-06,02:00:00,0.07119250347697595,-20.937715272578004,-0.31105597209485386
270,271,BUY,94097.4,2025-05-06,15:00:00,SELL,96312.1,2025-05-07,05:45:00,0.07118625529041962,157.65619959169317,2.353625073593969
271,272,BUY,96545.2,2025-05-07,06:30:00,SELL,96754.5,2025-05-07,16:15:00,0.07080009469263356,14.818459819168408,0.21678964878627102
272,273,BUY,97102.1,2025-05-07,21:30:00,SELL,99212.8,2025-05-08,13:15:00,0.07040519745974955,148.60425027829316,2.173691403172534
273,274,BUY,99581.0,2025-05-08,14:45:00,SELL,102419.5,2025-05-09,04:00:00,0.06993833172660574,198.51995460597038,2.8504433576686314
274,275,BUY,102801.3,2025-05-09,05:00:00,SELL,102535.5,2025-05-09,09:30:00,0.06945140600676408,-18.460183716598095,-0.2585570415938348
275,276,BUY,103229.6,2025-05-09,10:45:00,SELL,102898.4,2025-05-09,12:15:00,0.06886212700357848,-22.807136463585994,-0.32083820919582334
276,277,BUY,103072.1,2025-05-09,12:30:00,SELL,102951.8,2025-05-09,12:45:00,0.06862631476199843,-8.255745665868611,-0.11671441641336784
277,278,BUY,103217.3,2025-05-09,13:45:00,SELL,102826.1,2025-05-09,15:30:00,0.06832379248874877,-26.72826762159832,-0.37900623248234266
278,279,BUY,103064.8,2025-05-09,18:15:00,SELL,102773.1,2025-05-09,21:45:00,0.06804869282867816,-19.84980369812522,-0.2830258245298075
279,280,BUY,102967.1,2025-05-10,02:30:00,SELL,103374.7,2025-05-10,12:00:00,0.067800823496296,27.63561565708966,0.3958545982163149
280,281,BUY,103671.2,2025-05-10,12:30:00,SELL,103513.1,2025-05-10,14:15:00,0.06746531976242649,-10.66626705443904,-0.15250136971501368
281,282,BUY,103719.0,2025-05-10,22:00:00,SELL,103800.0,2025-05-11,06:00:00,0.06720863419643376,5.443899369911135,0.07809562375263934
282,283,BUY,104228.9,2025-05-11,09:15:00,SELL,103899.9,2025-05-11,14:15:00,0.06680233907764074,-21.977969556543805,-0.3156514172172977
283,284,BUY,104490.6,2025-05-11,19:00:00,SELL,104137.9,2025-05-11,21:30:00,0.0663088060770523,-23.387115903377122,-0.337542324381343
284,285,BUY,104362.6,2025-05-12,00:30:00,SELL,103974.0,2025-05-12,02:15:00,0.0660513149418989,-25.6675409864223,-0.3723556139843256
285,286,BUY,104299.7,2025-05-12,06:45:00,SELL,104115.9,2025-05-12,11:45:00,0.0657319566840667,-12.081533638531651,-0.17622294215611636
286,287,BUY,102700.1,2025-05-12,22:30:00,SELL,102230.7,2025-05-13,01:00:00,0.06651734411035926,-31.223241325403215,-0.4570589512571153
287,288,BUY,102616.6,2025-05-13,05:15:00,SELL,104090.5,2025-05-13,23:15:00,0.06615621578471595,97.50764644509245,1.436317320979251
288,289,BUY,103663.4,2025-05-14,11:00:00,SELL,103040.8,2025-05-14,14:30:00,0.0662563678177997,-41.25121460336151,-0.6005977037218452
289,290,BUY,103452.6,2025-05-14,20:45:00,SELL,102979.2,2025-05-15,02:00:00,0.06588693009234031,-31.19087270571448,-0.45760087228354696
290,291,BUY,102477.9,2025-05-15,12:30:00,SELL,101980.1,2025-05-15,14:30:00,0.0660982377350333,-32.90370274449881,-0.48576327188592694
291,292,BUY,102952.5,2025-05-15,15:45:00,SELL,103646.5,2025-05-16,08:00:00,0.06536527127740638,45.363498266520025,0.6740972778708627
292,293,BUY,103953.7,2025-05-16,14:00:00,SELL,103556.5,2025-05-16,14:15:00,0.06502681224586081,-25.828649824055724,-0.38209318186846364
293,294,BUY,103775.6,2025-05-16,14:30:00,SELL,103301.1,2025-05-16,14:45:00,0.06477850262525232,-30.73739949568223,-0.4572365758424909
294,295,BUY,104060.7,2025-05-16,15:15:00,SELL,103635.2,2025-05-16,19:00:00,0.06419789233687793,-27.31620318934156,-0.4088959616839018
295,296,BUY,103457.7,2025-05-17,04:15:00,SELL,103110.0,2025-05-17,09:15:00,0.06419886276984557,-22.32194458507512,-0.3360793831681906
296,297,BUY,103049.8,2025-05-17,15:30:00,SELL,102900.1,2025-05-17,16:00:00,0.0641250046974838,-9.599513203213139,-0.14526956869396843
297,298,BUY,103188.6,2025-05-17,17:30:00,SELL,102885.1,2025-05-17,22:30:00,0.0638287247587577,-19.37201796428296,-0.29412163746770476
298,299,BUY,103177.3,2025-05-18,00:15:00,SELL,104455.7,2025-05-18,19:00:00,0.0635362388836694,81.22472778888259,1.2390322289883473
299,300,BUY,105185.2,2025-05-18,22:45:00,SELL,104551.6,2025-05-19,02:15:00,0.06293789198924311,-39.87744836438389,-0.6023661123427928
300,301,BUY,103419.6,2025-05-19,14:15:00,SELL,105666.1,2025-05-20,04:45:00,0.06352469127516547,142.70821894965923,2.172218805719612
301,302,BUY,106181.1,2025-05-20,05:00:00,SELL,105440.1,2025-05-20,06:30:00,0.06303054893857842,-46.7056367634866,-0.6978643091849679
302,303,BUY,105294.5,2025-05-20,16:00:00,SELL,106463.7,2025-05-21,08:00:00,0.06301960024169147,73.68251660258548,1.11040937560841
303,304,BUY,107088.3,2025-05-21,13:45:00,SELL,106566.9,2025-05-21,18:00:00,0.062499246109658416,-32.58710692157644,-0.4868879233305681
304,305,BUY,108547.2,2025-05-21,20:00:00,SELL,110374.6,2025-05-22,09:00:00,0.06125711686157461,111.94125535284198,1.6835072668848285
305,306,BUY,110879.0,2025-05-22,10:45:00,SELL,110475.1,2025-05-22,11:30:00,0.06081312819669874,-24.56242247864627,-0.36427096203969567
306,307,BUY,110944.0,2025-05-22,12:00:00,SELL,111014.7,2025-05-22,20:30:00,0.06045185247768821,4.27394597017238,0.06372584366887536
307,308,BUY,111662.6,2025-05-23,00:00:00,SELL,111157.0,2025-05-23,03:15:00,0.05998502356903818,-30.328427916506055,-0.4527926091636822
308,309,BUY,111043.8,2025-05-23,09:30:00,SELL,110326.9,2025-05-23,11:45:00,0.05994553624562558,-42.9749549344895,-0.6456011051495074
309,310,BUY,108128.6,2025-05-24,03:45:00,SELL,107550.7,2025-05-24,08:00:00,0.0610674802759091,-35.2908968514484,-0.5344561938284679
310,311,BUY,108297.0,2025-05-24,09:30:00,SELL,108661.8,2025-05-24,21:30:00,0.06054746170874612,22.08771403135076,0.3368514363278788
311,312,BUY,108196.2,2025-05-25,05:00:00,SELL,107923.8,2025-05-25,06:45:00,0.060682466663323255,-16.529903919088902,-0.2517648494124509
312,313,BUY,107500.0,2025-05-25,13:30:00,SELL,107235.3,2025-05-25,15:15:00,0.060813544300177096,-16.0973451762567,-0.24623255813953215
313,314,BUY,107328.8,2025-05-25,18:15:00,SELL,109656.8,2025-05-26,14:30:00,0.06065247766023227,141.19896799302072,2.1690357108250535
314,315,BUY,109836.0,2025-05-26,15:30:00,SELL,109543.8,2025-05-26,16:45:00,0.06037535889964473,-17.641679870476015,-0.2660329946465613
315,316,BUY,109631.7,2025-05-26,22:15:00,SELL,109143.8,2025-05-26,23:00:00,0.060220168297629974,-29.381420112413313,-0.4450355143630849
316,317,BUY,109458.4,2025-05-27,00:15:00,SELL,109212.6,2025-05-27,00:45:00,0.059946218244624344,-14.734780444527965,-0.22456019821227824
317,318,BUY,109074.3,2025-05-27,06:15:00,SELL,109599.19999999998,2025-05-27,15:30:00,0.059914865469284276,31.449312884826096,0.48123160084454325
318,319,BUY,109952.4,2025-05-27,15:45:00,SELL,109608.7,2025-05-27,19:30:00,0.05959484433939509,-20.48274799944992,-0.312589811591195
319,320,BUY,109029.8,2025-05-28,08:45:00,SELL,108550.7,2025-05-28,09:30:00,0.05980664990713378,-28.653365970508144,-0.4394211490803485
320,321,BUY,108835.4,2025-05-28,12:15:00,SELL,108453.2,2025-05-28,13:45:00,0.05954978120742165,-22.759926377476383,-0.3511725045343676
321,322,BUY,107904.7,2025-05-28,23:30:00,SELL,107344.3,2025-05-29,04:45:00,0.05974911021859282,-33.483401366499066,-0.5193471646740079
322,323,BUY,107955.7,2025-05-29,07:15:00,SELL,107539.2,2025-05-29,13:45:00,0.059313003031720844,-24.703865762711732,-0.3858064002178671
323,324,BUY,106089.9,2025-05-30,03:30:00,SELL,105671.4,2025-05-30,07:00:00,0.06002046802755305,-25.11856586953095,-0.3944767598046563
324,325,BUY,105863.4,2025-05-30,11:00:00,SELL,105174.1,2025-05-30,14:30:00,0.05980947432018745,-41.22667064890451,-0.6511221064125925
