trade_number,entry_type,entry_price,entry_date,entry_time,exit_type,exit_price,exit_date,exit_time,size,pnl,pnl_percentage
1,SELL,190.04,2025-01-01,14:45:00,BUY,190.79,2025-01-01,15:00:00,49.9921065094985,-37.49407988212387,-0.39465375710376766
2,SELL,189.62,2025-01-01,17:15:00,BUY,191.79,2025-01-01,18:45:00,49.8195984119301,-108.1085285538877,-1.144394051260409
3,SELL,205.96,2025-01-02,15:45:00,BUY,208.19,2025-01-02,16:30:00,45.27620208953291,-100.96593065965793,-1.0827345115556368
4,SELL,205.82,2025-01-02,17:45:00,BUY,207.66,2025-01-02,20:30:00,44.75662291377809,-82.35218616135184,-0.8939850354678862
5,SELL,206.49,2025-01-02,21:15:00,BUY,207.82999999999998,2025-01-02,23:30:00,44.147381864691994,-59.157491698686165,-0.6489418373771005
6,SELL,206.51,2025-01-03,01:30:00,BUY,207.95999999999998,2025-01-03,02:30:00,43.78682232354378,-63.49089236913798,-0.702145174567812
7,SELL,206.23,2025-01-03,03:30:00,BUY,207.94,2025-01-03,04:00:00,43.47230832241454,-74.33764723132921,-0.829171313581927
8,SELL,215.88,2025-01-03,21:00:00,BUY,216.87,2025-01-03,22:45:00,41.11878261029954,-40.70759478419692,-0.4585881045025056
9,SELL,216.4,2025-01-04,02:30:00,BUY,217.08999999999997,2025-01-04,02:45:00,40.76693616699802,-28.129185955227385,-0.3188539741219821
10,SELL,216.15999999999997,2025-01-04,03:15:00,BUY,217.15,2025-01-04,06:00:00,40.609021716867844,-40.20293149970069,-0.45799407846041706
11,SELL,216.37,2025-01-04,08:15:00,BUY,216.66,2025-01-04,12:45:00,40.31583338241582,-11.691591680900267,-0.13402967139621574
12,SELL,215.8,2025-01-04,15:00:00,BUY,215.53,2025-01-04,20:15:00,40.29399809913507,10.87937948676688,0.125115848007419
13,SELL,215.83999999999997,2025-01-05,02:30:00,BUY,216.95,2025-01-05,02:45:00,40.25978404584942,-44.68836029089341,-0.5142698295033421
14,SELL,216.26,2025-01-05,06:15:00,BUY,212.97,2025-01-05,20:45:00,39.90688253953109,131.29364355505697,1.521316933320999
15,SELL,212.77999999999997,2025-01-06,00:45:00,BUY,215.69,2025-01-06,02:15:00,41.06733685672953,-119.50595025308397,-1.36760973775732
16,SELL,214.56,2025-01-06,07:30:00,BUY,215.13000000000002,2025-01-06,08:00:00,40.12151212374717,-22.869261910536757,-0.26565995525728076
17,SELL,213.79,2025-01-06,08:45:00,BUY,215.35000000000002,2025-01-06,11:15:00,40.08778717685092,-62.53694799588866,-0.7296880116001827
18,SELL,218.21,2025-01-06,21:15:00,BUY,197.01,2025-01-08,14:00:00,38.926839018436624,825.2489871908571,9.71541175931443
19,SELL,194.62,2025-01-08,17:00:00,BUY,196.94,2025-01-08,22:15:00,47.59657952133479,-110.42406448949639,-1.1920665913061315
20,SELL,195.23,2025-01-09,03:15:00,BUY,192.39,2025-01-09,16:15:00,46.81744711295662,132.96154980079697,1.4546944629411482
21,SELL,187.21,2025-01-09,18:00:00,BUY,187.74000000000004,2025-01-10,01:45:00,49.41085382872319,-26.187752529224753,-0.28310453501417104
22,SELL,190.56,2025-01-10,13:30:00,BUY,190.96999999999997,2025-01-10,18:15:00,48.316714956828775,-19.80985313229826,-0.2151553316540555
23,SELL,187.36,2025-01-10,21:00:00,BUY,186.57,2025-01-11,12:00:00,48.94802134528714,38.66893686277784,0.42164816396243615
24,SELL,186.02000000000004,2025-01-11,17:30:00,BUY,187.2,2025-01-11,18:15:00,49.40197168377187,-58.294326586848335,-0.6343403935060477
25,SELL,187.73,2025-01-12,00:15:00,BUY,186.56,2025-01-12,12:00:00,48.56630942521892,56.822582027505526,0.6232354977893717
26,SELL,188.43,2025-01-12,21:15:00,BUY,190.38,2025-01-13,00:30:00,48.58072351305764,-94.73241085046185,-1.034867059385442
27,SELL,186.82,2025-01-13,02:15:00,BUY,178.57,2025-01-13,16:15:00,48.42149130534298,399.4773032690796,4.416015415908362
28,SELL,176.21,2025-01-13,17:00:00,BUY,177.629,2025-01-13,20:30:00,53.395088902566094,-75.76763115274036,-0.805289143635425
29,SELL,186.01,2025-01-14,13:00:00,BUY,187.97,2025-01-14,14:00:00,50.10405760858068,-98.20395291281854,-1.0537067899575334
30,SELL,186.51,2025-01-14,16:30:00,BUY,187.42,2025-01-14,21:30:00,49.37140067684089,-44.927974615925045,-0.48790949546941004
31,SELL,187.81,2025-01-15,09:45:00,BUY,194.35,2025-01-15,13:45:00,48.70901437032175,-318.55695398190386,-3.482242692082419
32,SELL,202.81,2025-01-16,03:15:00,BUY,202.92,2025-01-16,07:00:00,43.52707942173535,-4.7879787363902455,-0.05423795670824181
33,SELL,201.92000000000002,2025-01-16,08:30:00,BUY,204.53,2025-01-16,11:30:00,43.61547802429539,-113.83639764341032,-1.2925911251980908
34,SELL,209.65,2025-01-16,22:30:00,BUY,214.53,2025-01-17,01:45:00,41.40908874139477,-202.07635305800628,-2.3276890054853303
35,SELL,211.66000000000003,2025-01-17,04:15:00,BUY,212.48,2025-01-17,04:45:00,40.02813935526573,-32.823074271316486,-0.3874137768118514
36,SELL,216.45,2025-01-17,18:00:00,BUY,220.25999999999996,2025-01-17,21:00:00,38.92559796025183,-148.30652822855845,-1.760221760221748
37,SELL,218.28000000000003,2025-01-18,02:15:00,BUY,221.98000000000002,2025-01-18,03:00:00,37.879811428845606,-140.1553022867283,-1.6950705515851145
38,SELL,252.99,2025-01-19,03:15:00,BUY,264.23,2025-01-19,04:15:00,32.09254776294604,-360.7202368555138,-4.442863354282781
39,SELL,269.36,2025-01-19,14:45:00,BUY,276.34,2025-01-19,20:30:00,28.81259799835298,-201.1119340285027,-2.591327591327577
40,SELL,263.4,2025-01-19,21:30:00,BUY,253.55,2025-01-20,06:45:00,28.68140228737696,282.5118125306621,3.7395596051632376
41,SELL,254.14,2025-01-20,12:30:00,BUY,239.28,2025-01-21,09:00:00,30.728216298320845,456.6212941930473,5.8471708507122
42,SELL,239.33,2025-01-21,15:30:00,BUY,240.82,2025-01-21,16:00:00,34.38492039144638,-51.23353138325444,-0.622571345004797
43,SELL,247.05,2025-01-21,23:30:00,BUY,252.56000000000003,2025-01-22,01:00:00,33.04581486486394,-182.08243990540097,-2.2303177494434405
44,SELL,253.65,2025-01-22,10:00:00,BUY,256.03,2025-01-22,11:30:00,31.44347007300119,-74.83545877374179,-0.9383008082002631
45,SELL,256.27,2025-01-22,15:45:00,BUY,259.1,2025-01-22,17:30:00,30.786379831991844,-87.12545492453818,-1.1043040543177278
46,SELL,255.71,2025-01-22,18:45:00,BUY,262.92,2025-01-22,19:45:00,30.46996775965979,-219.68846754714733,-2.8196003284971285
47,SELL,256.82,2025-01-22,23:30:00,BUY,252.07,2025-01-23,14:45:00,29.46717118698927,139.96906313819903,1.8495444280040498
48,SELL,246.72,2025-01-23,20:00:00,BUY,255.42,2025-01-23,20:30:00,31.154684431403183,-271.04575455320736,-3.5262645914396837
49,SELL,245.77,2025-01-23,21:30:00,BUY,251.51,2025-01-23,23:00:00,30.168165948534668,-173.16527254458842,-2.335516946738813
50,SELL,248.99,2025-01-24,02:15:00,BUY,252.73,2025-01-24,04:15:00,29.057708957067383,-108.67583149943145,-1.5020683561588741
51,SELL,262.12,2025-01-24,16:00:00,BUY,249.81,2025-01-25,12:00:00,27.157596422625133,334.31001196251543,4.696322295132002
52,SELL,256.4,2025-01-26,00:30:00,BUY,259.27,2025-01-26,03:45:00,28.94954937901272,-83.08520671776664,-1.1193447737909534
53,SELL,255.9,2025-01-26,08:45:00,BUY,256.21,2025-01-26,17:15:00,28.64224900732755,-8.879097192270791,-0.12114107073074398
54,SELL,253.36,2025-01-26,21:00:00,BUY,230.93,2025-01-27,13:00:00,28.839964461500088,646.8804028714471,8.853015472055576
55,SELL,228.51,2025-01-27,17:30:00,BUY,234.29,2025-01-27,21:00:00,34.608768181998805,-200.03868009195313,-2.529429784254519
56,SELL,237.55,2025-01-28,09:15:00,BUY,230.97,2025-01-29,02:15:00,32.427685877340735,213.37417307290244,2.769943169858982
57,SELL,231.84,2025-01-29,10:45:00,BUY,229.5,2025-01-29,18:45:00,34.03695870676584,79.64648337383217,1.0093167701863368
58,SELL,226.56,2025-01-29,19:15:00,BUY,233.42,2025-01-29,19:45:00,35.10137080276102,-240.79540370694005,-3.027895480225982
59,SELL,229.26,2025-01-29,23:45:00,BUY,234.94,2025-01-30,01:45:00,33.623211732733495,-190.97984264192647,-2.4775364215301434
60,SELL,239.84,2025-01-30,18:30:00,BUY,241.60999999999999,2025-01-30,22:45:00,31.32030911890137,-55.436947140454855,-0.7379919946631012
61,SELL,239.85,2025-01-30,23:00:00,BUY,237.66,2025-01-31,07:00:00,31.039702458244076,67.97694838355446,0.9130706691682292
62,SELL,235.57,2025-01-31,08:00:00,BUY,238.15,2025-01-31,11:30:00,31.818016112702907,-82.0904815707739,-1.095215859404853
63,SELL,237.6,2025-01-31,17:15:00,BUY,233.6,2025-02-01,01:15:00,31.15636929890966,124.62547719563864,1.6835016835016834
64,SELL,230.88,2025-02-01,03:30:00,BUY,232.42,2025-02-01,05:30:00,32.5169450593244,-50.07609539135932,-0.6670131670131636
65,SELL,231.15,2025-02-01,06:30:00,BUY,214.78,2025-02-02,08:45:00,32.212633637887606,527.3208126522203,7.081981397361023
66,SELL,211.9,2025-02-02,11:00:00,BUY,213.8,2025-02-02,14:15:00,37.43717112009775,-71.13062512818594,-0.8966493629070343
67,SELL,210.67,2025-02-02,15:45:00,BUY,211.92,2025-02-02,16:00:00,37.263123904297736,-46.57890488037217,-0.5933450420088291
68,SELL,209.33,2025-02-02,16:15:00,BUY,195.58,2025-02-03,07:00:00,37.220584181768906,511.7830324993225,6.568575932737781
69,SELL,194.57,2025-02-03,13:15:00,BUY,198.89,2025-02-03,15:15:00,42.46743652360711,-183.45932578198244,-2.2202806188004285
70,SELL,214.31,2025-02-04,04:30:00,BUY,209.67,2025-02-04,11:15:00,37.668466190142794,174.78168312226313,2.1650879566982475
71,SELL,207.23,2025-02-04,20:15:00,BUY,207.93999999999997,2025-02-05,03:45:00,39.67961131819118,-28.172524035914925,-0.3426144863195385
72,SELL,206.08,2025-02-05,04:15:00,BUY,205.74,2025-02-05,11:45:00,39.69907537287256,13.497685626776805,0.1649844720496911
73,SELL,204.17,2025-02-05,15:15:00,BUY,199.23,2025-02-06,02:00:00,40.057191676681015,197.88252688280411,2.4195523338394467
74,SELL,200.67,2025-02-06,11:15:00,BUY,193.9,2025-02-06,22:00:00,41.61408265696816,281.72733958767367,3.3736981113270454
75,SELL,191.18,2025-02-06,22:15:00,BUY,193.51,2025-02-07,02:15:00,45.00264892527279,-104.85617199588488,-1.2187467308295763
76,SELL,190.23,2025-02-07,06:30:00,BUY,194.48000000000002,2025-02-07,08:45:00,44.61492175831362,-189.61341747283416,-2.234137622877584
77,SELL,197.82,2025-02-07,16:45:00,BUY,193.3,2025-02-08,01:30:00,41.91011122870614,189.433702753751,2.2849054696188364
78,SELL,191.84999999999997,2025-02-08,04:45:00,BUY,193.11,2025-02-08,08:15:00,44.07113855778019,-55.529634582805144,-0.6567630961689069
79,SELL,202.97,2025-02-09,09:00:00,BUY,201.69,2025-02-09,16:45:00,41.31528936462815,52.88357038672408,0.630635069222053
80,SELL,199.89,2025-02-09,18:00:00,BUY,203.05,2025-02-10,00:15:00,42.12583978365618,-133.1176537163546,-1.5808694782130297
81,SELL,196.18,2025-02-10,02:15:00,BUY,203.60000000000002,2025-02-10,03:45:00,42.19567166243344,-313.0918837352568,-3.782240799265988
82,SELL,202.74,2025-02-10,13:00:00,BUY,204.79,2025-02-10,13:45:00,39.28616406477261,-80.53663633278319,-1.0111472822333938
83,SELL,202.43,2025-02-10,15:45:00,BUY,201.81,2025-02-11,01:15:00,38.88937196411755,24.11141061775306,0.30627871362940495
84,SELL,200.9,2025-02-11,03:30:00,BUY,202.93,2025-02-11,04:45:00,39.225203786601895,-79.6271636868019,-1.0104529616724744
85,SELL,202.07,2025-02-11,10:15:00,BUY,198.9,2025-02-11,22:15:00,38.551202993620215,122.2073134897756,1.5687632998465817
86,SELL,196.82,2025-02-11,23:00:00,BUY,198.19,2025-02-11,23:30:00,40.09477469091041,-54.92984132654745,-0.6960674728178055
87,SELL,197.01,2025-02-12,01:15:00,BUY,196.09,2025-02-12,08:45:00,39.71687441777485,36.53952446435236,0.4669813715039783
88,SELL,191.62,2025-02-12,13:45:00,BUY,194.9,2025-02-12,17:45:00,40.93573082337873,-134.26919710068228,-1.7117211147061897
89,SELL,193.01,2025-02-12,19:00:00,BUY,194.65,2025-02-12,20:30:00,39.904236520135875,-65.44294789302343,-0.8496969068960235
90,SELL,195.6,2025-02-13,05:30:00,BUY,191.79,2025-02-13,18:30:00,38.98083351418672,148.5169756890515,1.9478527607361975
91,SELL,196.97,2025-02-14,13:00:00,BUY,199.66,2025-02-14,15:00:00,39.353182801640926,-105.860061736414,-1.3656902066304502
92,SELL,200.44,2025-02-14,21:30:00,BUY,194.6,2025-02-15,23:15:00,38.09809478391327,222.49287353805363,2.9135901017760943
93,SELL,193.7,2025-02-16,02:15:00,BUY,194.88,2025-02-16,04:15:00,40.43710500028714,-47.7157839003391,-0.6091894682498744
94,SELL,193.21,2025-02-16,07:30:00,BUY,188.98,2025-02-17,02:00:00,40.22987535403105,170.1723727475521,2.189327674551016
95,SELL,188.69,2025-02-17,02:15:00,BUY,188.95,2025-02-17,02:30:00,41.975149925821675,-10.913538980713254,-0.13779214584768187
96,SELL,187.844,2025-02-17,02:45:00,BUY,184.91,2025-02-17,10:15:00,42.02525688120984,123.30210368946958,1.5619343710738687
97,SELL,183.31,2025-02-17,10:45:00,BUY,184.18,2025-02-17,12:00:00,43.62629391798659,-37.95487570864853,-0.4746058589275024
98,SELL,183.06,2025-02-17,15:15:00,BUY,180.05,2025-02-17,21:45:00,43.400950061885624,130.63685968627533,1.6442696383699285
99,SELL,178.13,2025-02-17,23:30:00,BUY,170.97,2025-02-18,12:45:00,45.21469401315393,323.73720913418197,4.019536293718069
100,SELL,166.99,2025-02-18,14:45:00,BUY,167.88000000000002,2025-02-18,21:30:00,49.985632151534354,-44.487212614866316,-0.532966045871019
101,SELL,167.39,2025-02-19,04:00:00,BUY,168.83,2025-02-19,07:15:00,49.51870545907129,-71.30693586106395,-0.8602664436346413
102,SELL,169.32,2025-02-19,14:45:00,BUY,171.77,2025-02-19,17:15:00,48.46077130601202,-118.72888969973027,-1.4469643278998447
103,SELL,169.77,2025-02-19,18:30:00,BUY,169.87,2025-02-20,01:00:00,47.57543937125924,-4.757543937125654,-0.058903222006240395
104,SELL,168.16,2025-02-20,02:00:00,BUY,169.46,2025-02-20,02:15:00,47.915623426712834,-62.290310454727226,-0.7730732635585225
105,SELL,172.37,2025-02-20,15:45:00,BUY,174.06,2025-02-20,18:15:00,46.312763257876036,-78.2685699058104,-0.9804490340546486
106,SELL,173.54,2025-02-21,01:30:00,BUY,174.79,2025-02-21,05:15:00,45.48156511277134,-56.851956390964176,-0.7202950328454535
107,SELL,175.58,2025-02-21,15:30:00,BUY,171.57,2025-02-22,01:15:00,44.55726970329732,178.67465151022313,2.283859209477172
108,SELL,172.73,2025-02-22,19:15:00,BUY,171.51,2025-02-23,07:15:00,46.19265473726663,56.35503877946523,0.7063046372952
109,SELL,171.25,2025-02-23,10:15:00,BUY,169.45,2025-02-24,00:15:00,46.81354810297288,84.26438658535172,1.0510948905109556
110,SELL,166.52,2025-02-24,01:00:00,BUY,141.17,2025-02-25,12:00:00,48.53583658614263,1230.3834574587167,15.22339658899833
111,SELL,135.84,2025-02-25,15:00:00,BUY,140.51,2025-02-25,16:15:00,67.99811911755758,-317.551216278993,-3.4378680800942187
112,SELL,141.67,2025-02-26,01:00:00,BUY,144.55,2025-02-26,03:30:00,62.94444221964246,-181.2799935925718,-2.0328933436860477
113,SELL,142.55,2025-02-26,05:15:00,BUY,136.28,2025-02-26,22:15:00,61.227695370075764,383.89764997037565,4.398456681866019
114,SELL,139.3,2025-02-27,14:00:00,BUY,130.94,2025-02-28,09:00:00,65.1578767415012,544.719849558951,6.001435750179478
115,SELL,145.61,2025-03-01,04:00:00,BUY,140.82,2025-03-01,19:30:00,65.77328642120754,315.05404195758547,3.289609230135307
116,SELL,140.1,2025-03-01,20:45:00,BUY,140.53,2025-03-01,21:00:00,70.36868026654953,-30.25853251461678,-0.30692362598144673
117,SELL,142.95,2025-03-02,06:00:00,BUY,144.36,2025-03-02,06:45:00,68.63821403979755,-96.77988179611626,-0.9863588667366388
118,SELL,142.65,2025-03-02,08:15:00,BUY,143.93,2025-03-02,10:00:00,67.99713307255267,-87.0363303328675,-0.8973010865755353
119,SELL,142.25,2025-03-02,12:15:00,BUY,151.84,2025-03-02,15:30:00,67.48646093108836,-647.1951603291376,-6.741652021089633
120,SELL,170.5,2025-03-03,02:15:00,BUY,163.79,2025-03-03,13:15:00,52.584070744251406,352.83911469392734,3.9354838709677464
121,SELL,155.08,2025-03-03,15:00:00,BUY,140.48,2025-03-04,14:45:00,59.87412490839321,874.1622236625423,9.414495744132074
122,SELL,135.24,2025-03-04,15:15:00,BUY,137.12,2025-03-04,15:45:00,74.65969940284538,-140.36023487734897,-1.39012126589766
123,SELL,133.11,2025-03-04,16:30:00,BUY,139.37,2025-03-04,17:30:00,74.7131283987564,-467.70418377621434,-4.702877319510172
124,SELL,141.78,2025-03-05,04:00:00,BUY,143.96,2025-03-05,08:15:00,66.8787868026118,-145.79575522969418,-1.5375934546480512
125,SELL,143.18,2025-03-05,13:45:00,BUY,145.38,2025-03-05,19:15:00,65.12603150037809,-143.27726930083105,-1.5365274479675852
126,SELL,148.67,2025-03-06,13:15:00,BUY,142.49,2025-03-07,05:30:00,61.68961829087236,381.24184103758984,4.156857469563448
127,SELL,141.92,2025-03-07,12:45:00,BUY,145.88,2025-03-07,13:45:00,67.05111987252187,-265.52243469518714,-2.7903043968432977
128,SELL,142.97,2025-03-07,16:45:00,BUY,145.28,2025-03-07,18:30:00,64.6706503403996,-149.38920228632324,-1.6157235783730868
129,SELL,141.9,2025-03-07,21:15:00,BUY,137.67,2025-03-08,19:00:00,64.02880325073244,270.8418377505994,2.9809725158562497
130,SELL,136.48,2025-03-08,22:15:00,BUY,137.71,2025-03-09,00:45:00,68.33222026116233,-84.04863092123091,-0.9012309495896969
131,SELL,136.95,2025-03-09,03:15:00,BUY,137.9,2025-03-09,03:45:00,67.38963057520466,-64.02014904644558,-0.6936838262139592
132,SELL,137.63,2025-03-09,10:15:00,BUY,128.25,2025-03-10,05:00:00,66.47719363127717,623.5560762613796,6.815374554966211
133,SELL,127.02,2025-03-10,06:45:00,BUY,128.01,2025-03-10,08:00:00,76.56071790464263,-75.7951107255958,-0.7794048181388717
134,SELL,126.25,2025-03-10,08:45:00,BUY,130.15,2025-03-10,09:30:00,76.31041996154426,-297.610637850023,-3.0891089108910936
135,SELL,126.94000000000001,2025-03-10,10:45:00,BUY,128.23,2025-03-10,11:30:00,73.52793308880435,-94.85103368455597,-1.0162281392783816
136,SELL,124.91,2025-03-10,14:00:00,BUY,120.09,2025-03-11,02:30:00,73.86471839664162,356.0279426718121,3.858778320390676
137,SELL,121.45000000000002,2025-03-11,13:15:00,BUY,124.01,2025-03-11,13:45:00,78.60632243780927,-201.2321854407908,-2.107863318237948
138,SELL,122.67,2025-03-11,14:00:00,BUY,124.93,2025-03-11,16:00:00,76.11671404086476,-172.02377373235475,-1.8423412407271584
139,SELL,125.36,2025-03-11,23:30:00,BUY,124.15000000000002,2025-03-12,08:30:00,73.0311123304654,88.36764591986164,0.9652201659221279
140,SELL,123.45,2025-03-12,15:15:00,BUY,126.48000000000002,2025-03-12,21:15:00,74.70070406041326,-226.34313330305332,-2.454434993924678
141,SELL,124.98,2025-03-13,01:45:00,BUY,126.04000000000002,2025-03-13,02:00:00,71.92980074446467,-76.24558878913373,-0.8481357017122871
142,SELL,125.64,2025-03-13,03:30:00,BUY,125.26000000000002,2025-03-13,09:00:00,70.83890608118266,26.918784310848082,0.3024514485832388
143,SELL,124.15,2025-03-13,14:00:00,BUY,123.75999999999999,2025-03-13,23:00:00,71.75906723863163,27.986036223067398,0.31413612565446214
144,SELL,133.21,2025-03-15,01:30:00,BUY,134.09,2025-03-15,02:15:00,66.95123963101011,-58.917090875288594,-0.6606110652353393
145,SELL,133.43,2025-03-15,06:00:00,BUY,134.11,2025-03-15,12:30:00,66.29395287326412,-45.079887953820055,-0.509630517874546
146,SELL,133.85,2025-03-15,19:15:00,BUY,135.16,2025-03-15,20:45:00,65.63519175541143,-85.98210119958912,-0.9787075084049326
147,SELL,134.51,2025-03-16,02:15:00,BUY,135.63,2025-03-16,06:45:00,64.58125241936031,-72.33100270968384,-0.83265184744629
148,SELL,134.09,2025-03-16,07:15:00,BUY,127.82,2025-03-17,01:45:00,64.15230026345002,402.2349226518323,4.67596390484004
149,SELL,127.83000000000001,2025-03-17,06:45:00,BUY,128.65,2025-03-17,07:15:00,70.15835951131467,-57.52985479927755,-0.6414769615896058
150,SELL,128.29,2025-03-17,12:45:00,BUY,128.29,2025-03-17,18:00:00,69.34212961049845,0.0,0.0
151,SELL,127.84,2025-03-17,23:30:00,BUY,125.44,2025-03-18,08:45:00,69.45942596677303,166.70262232025564,1.877346683354197
152,SELL,124.18,2025-03-18,10:30:00,BUY,123.7,2025-03-18,18:15:00,72.65319688779968,34.87353450614413,0.3865356740215848
153,SELL,124.27999999999999,2025-03-19,02:45:00,BUY,125.07000000000001,2025-03-19,03:15:00,72.71780257979243,-57.44706403803751,-0.6356614097200036
154,SELL,133.55,2025-03-20,02:15:00,BUY,133.91,2025-03-20,02:45:00,67.13267105137297,-24.167761578493277,-0.2695619618120443
155,SELL,133.36,2025-03-20,04:15:00,BUY,134.31,2025-03-20,06:30:00,66.92824914833429,-63.581836690916816,-0.7123575284942926
156,SELL,133.43,2025-03-20,10:00:00,BUY,128.65,2025-03-21,01:15:00,66.3128952359921,316.9756392280423,3.5824027580004505
157,SELL,127.87,2025-03-21,04:00:00,BUY,128.33,2025-03-21,04:15:00,71.41653228965275,-32.851604853240836,-0.359740361304456
158,SELL,127.75,2025-03-21,05:30:00,BUY,128.15,2025-03-21,08:30:00,71.10884583010754,-28.44353833204342,-0.31311154598826274
159,SELL,127.53,2025-03-21,10:00:00,BUY,128.96,2025-03-21,18:45:00,70.87852263929173,-101.35628737418766,-1.121304791029567
160,SELL,128.0,2025-03-22,03:00:00,BUY,128.68,2025-03-22,03:30:00,69.7311745469231,-47.41719869190818,-0.5312500000000053
161,SELL,129.43,2025-03-22,13:45:00,BUY,129.77,2025-03-22,18:45:00,68.48144041259071,-23.283689740281076,-0.26269025728193107
162,SELL,129.03,2025-03-22,21:00:00,BUY,128.94,2025-03-23,02:15:00,68.39692530314872,6.155723277283618,0.06975122064636395
163,SELL,132.04,2025-03-23,16:45:00,BUY,131.81,2025-03-23,23:30:00,66.75508233792235,15.353668937721457,0.17418963950317312
164,SELL,141.62,2025-03-24,18:30:00,BUY,142.74,2025-03-24,19:30:00,62.22422253452183,-69.69112923866473,-0.7908487501765319
165,SELL,142.35,2025-03-24,19:45:00,BUY,142.7,2025-03-24,20:00:00,61.32194202064161,-21.462679707224215,-0.24587284861257064
166,SELL,141.8,2025-03-24,21:00:00,BUY,139.97,2025-03-25,08:30:00,61.30321653376213,112.18488625678548,1.2905500705218704
167,SELL,144.03,2025-03-25,21:30:00,BUY,143.82,2025-03-26,06:45:00,60.9715980096466,12.804035582026271,0.1458029577171478
168,SELL,143.42,2025-03-26,13:30:00,BUY,138.22,2025-03-27,01:30:00,61.19946782646378,318.237232697611,3.625714684144463
169,SELL,138.57,2025-03-27,07:15:00,BUY,138.91,2025-03-27,07:30:00,65.41419337615268,-22.240825747892135,-0.24536335426138658
170,SELL,138.64,2025-03-27,07:45:00,BUY,138.8,2025-03-27,08:00:00,65.0996701953268,-10.415947231253915,-0.11540680900174916
171,SELL,138.27,2025-03-27,08:15:00,BUY,139.69,2025-03-27,15:00:00,65.08292301559649,-92.4177506821462,-1.0269762059738101
172,SELL,137.45,2025-03-27,18:00:00,BUY,138.97,2025-03-27,18:45:00,64.7026711252891,-98.3480601104401,-1.105856675154609
173,SELL,138.14,2025-03-27,23:45:00,BUY,129.83,2025-03-29,00:15:00,63.58474359177034,528.3892192476098,6.015636310988834
174,SELL,128.94,2025-03-29,02:30:00,BUY,126.26,2025-03-29,16:00:00,71.88415950878853,192.64954748355274,2.0784861175740597
175,SELL,125.21,2025-03-29,17:00:00,BUY,125.05000000000001,2025-03-30,01:30:00,75.34206198323955,12.054729917317,0.12778532066127496
176,SELL,125.39000000000001,2025-03-30,08:00:00,BUY,126.04,2025-03-30,09:00:00,75.194390219751,-48.87635364283751,-0.5183826461440237
177,SELL,124.86,2025-03-30,10:45:00,BUY,125.54999999999998,2025-03-30,18:30:00,74.99182516847173,-51.74435936624426,-0.5526189332051766
178,SELL,123.83000000000001,2025-03-30,22:15:00,BUY,126.29,2025-03-31,01:45:00,75.08062010453914,-184.6983254571658,-1.9865945247516705
179,SELL,124.54,2025-03-31,04:30:00,BUY,125.87,2025-03-31,05:15:00,73.10028720544614,-97.22338198324324,-1.0679299823349915
180,SELL,124.22,2025-03-31,09:15:00,BUY,125.78,2025-03-31,13:15:00,72.39918501076286,-112.94272861679023,-1.2558364192561602
181,SELL,123.64000000000001,2025-03-31,13:45:00,BUY,125.43,2025-03-31,14:00:00,71.72613314525641,-128.3897783300084,-1.4477515367195015
182,SELL,124.01,2025-03-31,18:00:00,BUY,125.82,2025-03-31,20:45:00,70.40318135011357,-127.42975824370473,-1.4595597129263673
183,SELL,125.31,2025-03-31,21:00:00,BUY,126.02999999999999,2025-03-31,21:15:00,68.5677665918578,-49.36879194613657,-0.5745750538663991
184,SELL,125.15,2025-03-31,22:15:00,BUY,126.15999999999998,2025-04-01,03:00:00,68.14440993883376,-68.82585403822051,-0.8070315621254308
185,SELL,126.59999999999998,2025-04-01,12:45:00,BUY,128.43,2025-04-01,15:30:00,66.72433399312385,-122.10553120741842,-1.4454976303317748
186,SELL,126.21000000000001,2025-04-01,18:15:00,BUY,126.94,2025-04-01,23:45:00,65.88332586426654,-48.0948278809139,-0.5784010775691226
187,SELL,126.6,2025-04-02,00:00:00,BUY,125.37,2025-04-02,08:45:00,65.1943129944455,80.1890049831673,0.971563981042646
188,SELL,125.4,2025-04-02,21:15:00,BUY,115.67,2025-04-03,18:45:00,66.30651502781608,645.1623912206506,7.759170653907499
189,SELL,114.87,2025-04-04,02:00:00,BUY,116.47,2025-04-04,06:00:00,77.58917730279126,-124.14268368446557,-1.3928789065900533
190,SELL,114.96000000000001,2025-04-04,11:00:00,BUY,117.36,2025-04-04,15:00:00,76.3408310797164,-183.2179945913187,-2.0876826722338127
191,SELL,122.06,2025-04-05,01:15:00,BUY,121.55,2025-04-05,09:15:00,70.34821407284412,35.87758917715086,0.41782729805014346
192,SELL,119.98,2025-04-05,11:15:00,BUY,119.11,2025-04-05,19:15:00,71.7043302383544,62.38276730736865,0.725120853475583
193,SELL,119.34,2025-04-06,07:00:00,BUY,101.42,2025-04-07,10:45:00,72.46107110819817,1298.5023942589114,15.01592089827384
194,SELL,100.29,2025-04-07,11:00:00,BUY,102.15,2025-04-07,12:30:00,98.36633970617507,-182.96139185348557,-1.8546215973676332
195,SELL,109.26,2025-04-08,06:45:00,BUY,109.8,2025-04-08,11:30:00,88.5267185534676,-47.8044280188718,-0.49423393739702726
196,SELL,107.77,2025-04-08,15:00:00,BUY,106.17,2025-04-09,00:30:00,89.16659273121694,142.66654836994658,1.4846432216757859
197,SELL,104.93,2025-04-09,00:45:00,BUY,105.28,2025-04-09,05:15:00,92.69039138340717,-32.44163698419199,-0.3335557038025296
198,SELL,104.78000000000002,2025-04-09,11:30:00,BUY,106.58000000000001,2025-04-09,14:30:00,92.3522903980899,-166.23412271656156,-1.717885092574916
199,SELL,117.02999999999999,2025-04-10,01:45:00,BUY,111.68000000000002,2025-04-10,20:30:00,81.1705995406486,434.26270754246724,4.571477398957503
200,SELL,120.54,2025-04-12,02:45:00,BUY,121.89,2025-04-12,04:45:00,82.0899306535006,-110.82140638222535,-1.1199601791936238
201,SELL,131.34,2025-04-13,02:30:00,BUY,132.74,2025-04-13,02:45:00,74.39419747309223,-104.15187646232955,-1.065935739302578
202,SELL,131.74,2025-04-13,04:00:00,BUY,131.41,2025-04-13,10:00:00,73.27558748133792,24.18094386884243,0.25049339608320365
203,SELL,129.19,2025-04-13,11:45:00,BUY,129.57,2025-04-13,17:00:00,74.75794909949245,-28.40802065780679,-0.2941404133446826
204,SELL,128.17,2025-04-13,20:00:00,BUY,131.0,2025-04-14,00:30:00,75.00479616085345,-212.26357313521618,-2.208004993368193
205,SELL,131.49,2025-04-14,14:00:00,BUY,130.21,2025-04-15,02:15:00,71.4366994077165,91.4389752418772,0.9734580576469701
206,SELL,128.98,2025-04-15,02:30:00,BUY,130.3,2025-04-15,03:45:00,73.35714087132189,-96.83142595014648,-1.0234144828655773
207,SELL,130.35,2025-04-15,14:30:00,BUY,125.65000000000002,2025-04-16,11:15:00,71.74731576967622,337.2123841174764,3.6056770233985227
208,SELL,125.1,2025-04-16,11:30:00,BUY,125.73,2025-04-16,11:45:00,77.1738445654358,-48.6195220762253,-0.503597122302166
209,SELL,124.81,2025-04-16,13:30:00,BUY,125.78,2025-04-16,13:45:00,76.83574849373346,-74.53067603892137,-0.7771813155997107
210,SELL,124.58,2025-04-16,14:00:00,BUY,126.56,2025-04-16,14:30:00,76.25631327202511,-150.98750027861,-1.5893401830149332
211,SELL,130.91,2025-04-17,03:15:00,BUY,131.78,2025-04-17,05:30:00,71.34017634487472,-62.06595342004133,-0.6645787182033492
212,SELL,132.56,2025-04-17,11:15:00,BUY,133.29,2025-04-17,11:45:00,69.8730876296068,-51.00735396961225,-0.550694025347005
213,SELL,133.03,2025-04-17,12:00:00,BUY,133.54,2025-04-17,12:15:00,69.1293132194282,-35.25594974190775,-0.3833721716905893
214,SELL,131.71,2025-04-17,14:15:00,BUY,134.83,2025-04-17,16:30:00,69.43491742731806,-216.63694237323264,-2.3688406347278144
215,SELL,132.59,2025-04-17,19:45:00,BUY,134.36,2025-04-17,20:30:00,67.28928316879832,-119.10203120877371,-1.3349423033411345
216,SELL,133.84,2025-04-18,04:15:00,BUY,134.79,2025-04-18,07:45:00,65.68794377815168,-62.40354658924335,-0.709802749551695
217,SELL,133.77,2025-04-18,10:45:00,BUY,134.83,2025-04-18,13:00:00,65.15382792320979,-69.06305759860253,-0.7924048740375287
218,SELL,134.01,2025-04-18,14:30:00,BUY,134.03,2025-04-18,18:30:00,64.42349342808699,-1.288469868562399,-0.014924259383635724
219,SELL,133.42,2025-04-18,23:15:00,BUY,134.08,2025-04-19,01:00:00,64.57625272375402,-42.62032679767927,-0.49467845900166774
220,SELL,138.22,2025-04-19,16:30:00,BUY,138.86,2025-04-19,21:30:00,61.92203651947648,-39.63010337246586,-0.46302995225004684
221,SELL,140.16,2025-04-20,06:45:00,BUY,137.66,2025-04-20,20:15:00,60.6757209069938,151.6893022674845,1.783675799086758
222,SELL,136.67,2025-04-20,23:00:00,BUY,137.46,2025-04-20,23:15:00,63.16217847778875,-49.898120997454406,-0.5780346820809399
223,SELL,139.95,2025-04-21,09:45:00,BUY,137.11,2025-04-22,01:00:00,61.23011378213488,173.8935231412615,2.0292961772061275
224,SELL,149.94,2025-04-23,14:00:00,BUY,151.92,2025-04-23,18:15:00,58.14483844361556,-115.12678011835821,-1.3205282112845071
225,SELL,150.56,2025-04-23,19:00:00,BUY,151.18,2025-04-23,22:45:00,57.072020021503256,-35.384652413332276,-0.4117959617428298
226,SELL,150.09,2025-04-24,00:30:00,BUY,148.05,2025-04-24,12:45:00,56.9139671443096,116.10449297439114,1.3591844893064107
227,SELL,151.15,2025-04-25,03:15:00,BUY,152.13,2025-04-25,06:15:00,57.1379204985704,-55.99516208859841,-0.6483625537545417
228,SELL,153.37,2025-04-25,13:45:00,BUY,155.69,2025-04-25,14:15:00,55.856679469729286,-129.58749636977157,-1.5126817500162961
229,SELL,152.72,2025-04-25,15:45:00,BUY,151.84,2025-04-26,01:30:00,55.18453864600898,48.56239400848765,0.5762179151388132
230,SELL,151.28,2025-04-26,04:00:00,BUY,151.61000000000004,2025-04-26,07:00:00,55.90559570336175,-18.448846582111663,-0.21813855103122748
231,SELL,150.66,2025-04-26,09:00:00,BUY,149.14999999999998,2025-04-26,17:45:00,55.90884403108184,84.42235448693467,1.002256737023775
232,SELL,148.61,2025-04-26,18:15:00,BUY,149.18,2025-04-26,22:30:00,57.11636389154953,-32.556327418182846,-0.3835542695646276
233,SELL,147.8,2025-04-27,01:45:00,BUY,147.67,2025-04-27,08:15:00,57.110798910506105,7.424403858367157,0.08795669824088219
234,SELL,147.75,2025-04-27,13:00:00,BUY,147.95,2025-04-27,13:15:00,57.06936352806681,-11.413872705612713,-0.13536379018611752
235,SELL,147.75,2025-04-27,13:30:00,BUY,148.74,2025-04-27,13:45:00,56.88361966666252,-56.314783469996414,-0.670050761421326
236,SELL,148.64,2025-04-27,21:15:00,BUY,149.53,2025-04-27,21:45:00,56.07913377606521,-49.91042906069887,-0.598762109795489
237,SELL,148.47,2025-04-27,22:15:00,BUY,149.0,2025-04-28,04:15:00,55.71699654687521,-29.530008169843924,-0.3569744729575006
238,SELL,150.4,2025-04-28,13:15:00,BUY,148.29,2025-04-28,20:00:00,54.7144327504392,115.44745310342746,1.4029255319149025
239,SELL,146.59,2025-04-28,20:45:00,BUY,147.66,2025-04-28,22:15:00,56.778913225300094,-60.75343715107071,-0.7299270072992654
240,SELL,147.18,2025-04-29,03:15:00,BUY,147.9,2025-04-29,07:00:00,56.051270638141304,-40.356914859461675,-0.48919690175295477
241,SELL,147.73,2025-04-29,13:00:00,BUY,148.89,2025-04-29,16:30:00,55.469160702625274,-64.34422641504513,-0.7852162729303437
242,SELL,147.39,2025-04-29,21:15:00,BUY,147.45,2025-04-30,03:30:00,55.076364910355025,-3.304581894621427,-0.04070832485243387
243,SELL,146.21,2025-04-30,07:45:00,BUY,147.15,2025-04-30,10:00:00,55.39385894766639,-52.070227410806275,-0.6429108816086435
244,SELL,145.4,2025-04-30,12:45:00,BUY,145.54,2025-04-30,18:15:00,55.256072580631795,-7.735850161287697,-0.09628610729022445
245,SELL,151.04,2025-05-01,17:45:00,BUY,151.25,2025-05-02,00:30:00,53.046637080426805,-11.139793786890051,-0.13903601694915782
246,SELL,150.42,2025-05-02,02:00:00,BUY,150.0,2025-05-02,10:30:00,53.09012541383518,22.297852673810112,0.27921818907059404
247,SELL,149.71,2025-05-02,17:15:00,BUY,148.78,2025-05-03,02:30:00,53.38573680676214,49.648735230289155,0.6212009885779218
248,SELL,147.85,2025-05-03,05:15:00,BUY,147.99,2025-05-03,13:00:00,54.27030030203337,-7.597842042285474,-0.09469056476159268
249,SELL,147.29,2025-05-03,17:00:00,BUY,147.78,2025-05-03,21:30:00,54.33145093263986,-26.622410956994027,-0.3326770317061641
250,SELL,146.93,2025-05-03,23:15:00,BUY,145.62,2025-05-04,12:30:00,54.18877484879321,70.98729505191923,0.891581024977882
251,SELL,145.34,2025-05-04,13:30:00,BUY,145.68,2025-05-04,14:15:00,55.13445098937809,-18.74571333638874,-0.23393422320077292
252,SELL,146.33,2025-05-04,20:15:00,BUY,146.64,2025-05-04,20:30:00,54.53933613822151,-16.90719420284724,-0.21184992824436125
253,SELL,146.04,2025-05-04,22:30:00,BUY,145.77,2025-05-05,04:30:00,54.43371509702995,14.697103076197097,0.18488085456038197
254,SELL,144.92,2025-05-05,10:30:00,BUY,145.16,2025-05-05,17:30:00,54.84283387435521,-13.16228012984575,-0.16560861164781196
255,SELL,146.06,2025-05-06,01:15:00,BUY,145.58,2025-05-06,07:15:00,54.2257436742602,26.02835696364434,0.3286320690127275
256,SELL,144.48,2025-05-06,08:15:00,BUY,143.41,2025-05-06,16:15:00,54.89345636826847,58.73599831404689,0.7405869324473929
257,SELL,143.01,2025-05-06,16:45:00,BUY,143.79,2025-05-06,17:30:00,55.73516799486731,-43.47343103599657,-0.5454164044472423
258,SELL,146.17,2025-05-07,04:00:00,BUY,147.18,2025-05-07,08:00:00,54.14762511643871,-54.689101367604145,-0.6909762605185875
259,SELL,146.57,2025-05-07,13:15:00,BUY,147.32,2025-05-07,21:30:00,53.538775558971956,-40.154081669228965,-0.5117008937708944
260,SELL,161.85,2025-05-09,04:15:00,BUY,162.67,2025-05-09,05:45:00,48.159527702420554,-39.490812715984525,-0.5066419524250808
261,SELL,169.0,2025-05-09,17:00:00,BUY,170.52,2025-05-09,17:15:00,45.81216563978161,-69.63449177246852,-0.8994082840236747
262,SELL,171.33,2025-05-10,01:15:00,BUY,171.77,2025-05-10,07:15:00,44.71417524679076,-19.674237108587832,-0.25681433490923816
263,SELL,171.4,2025-05-10,07:45:00,BUY,172.26,2025-05-10,08:00:00,44.50444515566602,-38.27382283387212,-0.5017502917152772
264,SELL,171.34,2025-05-10,09:45:00,BUY,171.94,2025-05-10,10:15:00,44.225600246587824,-26.535360147952442,-0.350180926812183
265,SELL,171.32,2025-05-10,10:30:00,BUY,171.67,2025-05-10,14:00:00,43.996852803276454,-15.398898481146508,-0.20429605416763622
266,SELL,175.13,2025-05-11,06:15:00,BUY,172.63,2025-05-11,19:15:00,42.874298590672,107.18574647668,1.4275109918346371
267,SELL,171.31,2025-05-11,22:45:00,BUY,172.54,2025-05-11,23:30:00,44.3420576940239,-54.54073096364894,-0.717996614324902
268,SELL,175.2,2025-05-12,11:30:00,BUY,176.3,2025-05-12,13:00:00,42.98156026848897,-47.279716295338844,-0.6278538812785518
269,SELL,174.34,2025-05-12,16:00:00,BUY,173.84,2025-05-12,22:45:00,42.85115977654787,21.425579888273933,0.2867959160261558
270,SELL,171.64,2025-05-13,01:00:00,BUY,171.5,2025-05-13,06:45:00,43.558704196718715,6.098218587540026,0.08156606851548961
271,SELL,179.36,2025-05-14,02:30:00,BUY,182.72,2025-05-14,06:00:00,41.639415064422224,-139.90843461645807,-1.8733273862622575
272,SELL,180.65,2025-05-14,08:15:00,BUY,181.35,2025-05-14,12:15:00,40.5270385476498,-28.368926983354402,-0.3874896208137219
273,SELL,179.8,2025-05-14,13:15:00,BUY,176.84,2025-05-14,22:15:00,40.48897049353325,119.84735266085875,1.6462736373748652
274,SELL,176.54,2025-05-14,22:30:00,BUY,177.63,2025-05-15,00:15:00,41.80615601198061,-45.56871005305901,-0.617423813300104
275,SELL,175.37,2025-05-15,01:45:00,BUY,171.63,2025-05-15,16:15:00,41.76039202693673,156.18386618074373,2.1326338598392023
276,SELL,169.47,2025-05-15,19:00:00,BUY,171.66,2025-05-16,00:45:00,44.008678776606004,-96.37900652076705,-1.2922641175429268
277,SELL,170.52,2025-05-16,08:30:00,BUY,172.73,2025-05-16,10:15:00,43.11199555929991,-95.27751018605193,-1.2960356556415549
278,SELL,171.42,2025-05-16,15:00:00,BUY,168.76,2025-05-17,04:30:00,42.28059439471865,112.46638108995145,1.5517442538793587
279,SELL,167.42,2025-05-17,09:30:00,BUY,167.75,2025-05-17,15:30:00,43.84741583694548,-14.469647226192556,-0.19710906701709027
280,SELL,166.83,2025-05-17,16:15:00,BUY,167.39,2025-05-17,21:15:00,43.833772097047266,-24.54691237434532,-0.3356710423784534
281,SELL,164.89,2025-05-17,22:15:00,BUY,166.36,2025-05-18,00:45:00,44.123664352295506,-64.8617865978756,-0.891503426526792
282,SELL,170.63,2025-05-18,18:30:00,BUY,171.62,2025-05-18,23:45:00,42.19931515740336,-41.77732200582971,-0.5802027779405785
283,SELL,167.39,2025-05-19,01:15:00,BUY,162.26,2025-05-19,14:30:00,42.69198396904798,219.00987776121596,3.0646992054483517
284,SELL,168.3,2025-05-20,07:00:00,BUY,167.19,2025-05-20,17:30:00,43.62048578967415,48.418739226538904,0.6595365418894912
285,SELL,164.81,2025-05-20,19:00:00,BUY,166.95,2025-05-20,19:45:00,44.736215481911614,-95.73550113129025,-1.2984648989745684
286,SELL,168.76,2025-05-21,08:00:00,BUY,169.27,2025-05-21,12:00:00,43.071850116433076,-21.9666435593817,-0.30220431381845186
287,SELL,166.89,2025-05-21,17:45:00,BUY,170.07,2025-05-21,20:45:00,43.341370863670186,-137.8255593464715,-1.9054467014201013
288,SELL,177.16,2025-05-22,14:00:00,BUY,178.56,2025-05-22,14:30:00,40.013922007549645,-56.01949081056973,-0.7902461052156275
289,SELL,177.79,2025-05-22,20:00:00,BUY,179.17,2025-05-22,23:30:00,39.49674245946204,-54.505504594057435,-0.7761966364812394
290,SELL,180.82,2025-05-23,06:15:00,BUY,184.05,2025-05-23,08:15:00,38.47445964591577,-124.27250465630864,-1.7863068244663303
291,SELL,177.87,2025-05-23,12:00:00,BUY,182.4,2025-05-23,15:45:00,38.37169241322545,-173.82376663191135,-2.5468038455051447
292,SELL,180.62,2025-05-23,16:00:00,BUY,181.93,2025-05-23,16:30:00,36.8005929636262,-48.208776782350405,-0.7252795925146729
293,SELL,179.95,2025-05-23,16:45:00,BUY,181.51,2025-05-23,17:15:00,36.61471418086442,-57.11895412214857,-0.8669074742984175
294,SELL,180.0,2025-05-23,18:30:00,BUY,176.0,2025-05-24,05:00:00,36.23323218651159,144.93292874604637,2.2222222222222223
295,SELL,174.75,2025-05-24,05:45:00,BUY,175.43,2025-05-24,09:45:00,38.04174199814211,-25.868384558736892,-0.38912732474964623
296,SELL,175.72,2025-05-24,16:30:00,BUY,176.3,2025-05-24,17:00:00,37.61770798470458,-21.818270631129128,-0.33007056681084257
297,SELL,176.13,2025-05-24,22:45:00,BUY,172.22,2025-05-25,13:45:00,37.3410334053607,146.0034406149602,2.2199511724294534
298,SELL,170.75,2025-05-25,14:45:00,BUY,171.38,2025-05-25,18:45:00,39.255224412819,-24.73079138007579,-0.3689604685212272
299,SELL,176.65,2025-05-26,10:15:00,BUY,177.82,2025-05-26,12:00:00,37.7432574642774,-44.15961123320408,-0.6623266345881615
300,SELL,176.81,2025-05-26,14:30:00,BUY,174.63,2025-05-27,06:15:00,37.39781379994752,81.52723408388584,1.2329619365420545
301,SELL,176.86,2025-05-27,21:30:00,BUY,174.42,2025-05-28,12:15:00,37.75670001159543,92.12634802829383,1.3796223001244068
302,SELL,173.3,2025-05-28,13:45:00,BUY,171.43,2025-05-28,22:00:00,38.96020086998131,72.85557562686522,1.0790536641661883
303,SELL,171.63,2025-05-29,05:15:00,BUY,172.98,2025-05-29,09:00:00,39.6681775639616,-53.55203971134793,-0.7865757734661739
304,SELL,172.03,2025-05-29,10:30:00,BUY,173.2,2025-05-29,11:30:00,39.204748960798575,-45.86955628413384,-0.6801139336162224
305,SELL,171.56,2025-05-29,12:45:00,BUY,156.04,2025-05-31,00:00:00,38.98321973559661,605.0195702964598,9.046397761716024
